PERSON_ID,FIRST_NAME,LAST_NAME,TEAM_ID,GP,GS,MIN,FGM,FGA,FG_PCT,FG3M,FG3A,FG3_PCT,FTM,FTA,FT_PCT,OREB,DREB,REB,AST,STL,BLK,TOV,PF,PTS
2544,LeBron,James,1610612747,1546,1544,58471.0,15354,30305,0.50664906781,2534,7240,0.35,8578,11650,0.736309012875,1781,9841,11622,11472,2324,1142,5423,2758,41820
101108,Chris,Paul,1610612759,1329,1289,44960.0,8068,17188,0.469397253898,1817,4932,0.368410381184,4848,5567,0.870846057122,785,5115,5900,12349,2691,211,3050,3141,22801
200768,Kyle,Lowry,1610612755,1171,898,36646.0,5248,12394,0.42343069227,2204,5992,0.36782376502,3651,4478,0.81531933899,892,4067,4959,7096,1497,350,2627,3160,16351
201142,Kevin,Durant,1610612756,1108,1105,40696.0,10408,20737,0.501904807831,2143,5527,0.387732947349,7221,8185,0.882223579718,734,6999,7733,4845,1167,1258,3503,2115,30180
201143,Al,Horford,1610612738,1125,1067,35517.0,6002,11770,0.509940526762,946,2508,0.377192982456,1587,2084,0.761516314779,2143,6694,8837,3588,856,1289,1555,2402,14537
201144,Mike,Conley,1610612750,1153,1110,36137.0,5729,13088,0.437729217603,1896,4893,0.38749233599,2956,3583,0.825006977393,551,2853,3404,6543,1586,238,2159,2239,16310
201145,Jeff,Green,1610612745,1204,659,33103.0,5183,11515,0.450108554059,1187,3524,0.336833144154,2800,3482,0.804135554279,1000,3854,4854,1772,757,589,1578,2489,14353
201566,Russell,Westbrook,1610612743,1215,1066,40526.0,9309,21207,0.438958834347,1334,4372,0.305123513266,5932,7675,0.772899022801,1945,6627,8572,9795,1923,394,4750,3102,25884
201567,Kevin,Love,1610612748,948,690,27459.0,5068,11568,0.438105117565,1671,4533,0.368630046326,3596,4342,0.828189774297,2211,7269,9480,2169,576,366,1678,1837,15403
201569,Eric,Gordon,1610612755,925,665,28885.0,4821,11214,0.429909042268,2084,5602,0.372009996429,2408,2974,0.80968392737,338,1775,2113,2508,776,325,1676,1610,14134
201572,Brook,Lopez,1610612749,1082,1042,32795.0,6553,13231,0.495276245181,1042,2973,0.350487722838,3049,3824,0.797332635983,2119,4495,6614,1571,622,2024,1723,2822,17197
201587,Nicolas,Batum,1610612746,1110,865,32240.0,3953,9068,0.43592853992,1713,4675,0.366417112299,1516,1823,0.831596269884,1081,4330,5411,3532,1012,684,1654,1920,11135
201599,DeAndre,Jordan,1610612743,1100,788,27695.0,3834,5690,0.67381370826,2,13,0.153846153846,1756,3699,0.47472289808,3169,7543,10712,1028,567,1560,1435,2666,9426
201935,James,Harden,1610612746,1128,914,39157.0,7999,18229,0.438806297657,3102,8558,0.362467866323,8002,9289,0.861449025729,855,5491,6346,8106,1682,636,4177,2812,27102
201939,Stephen,Curry,1610612744,1006,1000,34324.0,8484,17997,0.471411901983,3969,9366,0.423766816143,3930,4315,0.910776361529,655,4076,4731,6420,1526,257,3130,2280,24867
201942,DeMar,DeRozan,1610612758,1163,1151,40356.0,8867,18878,0.469700180103,587,1947,0.30148947098,6427,7630,0.842332896461,813,4307,5120,4731,1162,384,2344,2609,24748
201949,James,Johnson,1610612754,784,243,15556.0,2311,4879,0.473662635786,381,1271,0.299763965381,827,1220,0.677868852459,605,2110,2715,1610,581,655,1048,1748,5830
201950,Jrue,Holiday,1610612738,1022,941,33675.0,6367,13782,0.461979393411,1547,4190,0.369212410501,1964,2496,0.786858974358,972,3303,4275,6373,1453,528,2660,2170,16245
201959,Taj,Gibson,1610612766,990,461,22951.0,3462,6698,0.516870707673,55,207,0.265700483091,1385,1943,0.712815234173,2122,3579,5701,939,529,958,1039,2410,8364
201988,Patty,Mills,1610612746,914,112,18281.0,2848,6731,0.423116921705,1540,4003,0.3847114664,741,866,0.855658198614,267,1223,1490,2008,581,80,861,1158,7977
202066,Garrett,Temple,1610612761,760,289,15302.0,1620,4045,0.400494437577,715,2084,0.343090211132,585,787,0.743329097839,311,1381,1692,1240,599,241,662,1348,4540
202331,Paul,George,1610612755,906,858,30447.0,6391,14529,0.439878862963,2345,6116,0.383420536298,3546,4158,0.852813852813,749,4920,5669,3359,1535,400,2418,2413,18673
202681,Kyrie,Irving,1610612742,777,777,26830.0,6776,14286,0.474310513789,1874,4754,0.394194362641,2969,3346,0.887328153018,634,2533,3167,4361,1021,337,1939,1769,18395
202684,Tristan,Thompson,1610612739,810,478,20336.0,2749,5287,0.519954605636,10,42,0.238095238095,1294,2181,0.593305823016,2497,3885,6382,796,377,523,865,1741,6802
202685,Jonas,Valančiūnas,1610612758,913,839,23130.0,4805,8574,0.56041520877,238,690,0.344927536231,2213,2792,0.792621776504,2502,6039,8541,1255,367,854,1506,2562,12061
202687,Bismack,Biyombo,1610612759,845,356,16480.0,1669,3115,0.535794542536,0,3,0.0,947,1715,0.552186588921,1615,3366,4981,556,220,1083,772,1832,4285
202691,Klay,Thompson,1610612742,845,794,27260.0,6056,13406,0.451738027748,2643,6413,0.412131607671,1504,1752,0.858447488584,398,2580,2978,1945,718,438,1405,1690,16259
202692,Alec,Burks,1610612748,775,145,17273.0,2704,6527,0.414279148153,933,2430,0.383950617283,1852,2300,0.805217391304,426,2178,2604,1501,524,158,888,1380,8193
202693,Markieff,Morris,1610612747,786,379,18357.0,3096,6977,0.443743729396,655,1915,0.342036553524,1196,1536,0.778645833333,887,2946,3833,1207,593,378,1119,2030,8043
202695,Kawhi,Leonard,1610612746,714,685,22595.0,5163,10377,0.497542642382,1142,2922,0.390828199863,2777,3228,0.860285006195,850,3678,4528,2171,1219,462,1178,1193,14245
202696,Nikola,Vučević,1610612741,955,892,30023.0,7017,14115,0.497130712008,868,2512,0.345541401273,1539,1997,0.770655983975,2387,7623,10010,2746,809,829,1647,2329,16441
202699,Tobias,Harris,1610612765,955,835,30277.0,5899,12338,0.478116388393,1291,3526,0.366137266023,2310,2762,0.836350470673,959,4918,5877,2262,748,528,1324,1896,15399
202704,Reggie,Jackson,0,884,530,21858.0,4063,9603,0.42309694887,1171,3395,0.344918998527,1548,1813,0.853833425261,433,2030,2463,3606,593,110,1563,1677,10845
202709,Cory,Joseph,1610612753,848,175,17918.0,2188,4969,0.440330046286,501,1437,0.348643006263,835,1064,0.78477443609,402,1641,2043,2469,611,182,843,1323,5712
202710,Jimmy,Butler,1610612744,847,742,28049.0,5027,10665,0.471354899203,666,2030,0.328078817733,4771,5662,0.842635111268,1395,3133,4528,3639,1360,374,1363,1177,15491
203076,Anthony,Davis,1610612742,779,772,26880.0,7040,13455,0.523225566703,370,1241,0.298146655922,4374,5504,0.794694767441,2075,6265,8340,1976,1028,1798,1554,1824,18824
203078,Bradley,Beal,1610612756,789,740,27210.0,6283,13529,0.464409786384,1698,4509,0.376580172987,2831,3444,0.822009291521,685,2533,3218,3386,869,335,1921,1778,17095
203081,Damian,Lillard,1610612749,890,890,32265.0,7195,16411,0.438425446346,2774,7470,0.371352074966,5204,5791,0.898635814194,532,3264,3796,6011,861,266,2521,1693,22368
203083,Andre,Drummond,1610612755,898,657,24089.0,4717,8702,0.542059296713,16,132,0.121212121212,1785,3682,0.484790874524,3743,7181,10924,1098,1130,1144,1618,2583,11235
203084,Harrison,Barnes,1610612759,968,907,30380.0,4745,10362,0.457923180853,1377,3609,0.381546134663,2585,3194,0.809329993738,996,3669,4665,1703,653,175,1105,1440,13452
203109,Jae,Crowder,1610612758,810,436,20148.0,2589,6189,0.418322830828,1231,3543,0.347445667513,1103,1420,0.77676056338,558,2830,3388,1279,789,269,674,1633,7512
203110,Draymond,Green,1610612744,858,703,24576.0,2754,6113,0.450515295272,713,2225,0.320449438202,1225,1728,0.708912037037,937,5001,5938,4818,1143,867,1963,2452,7446
203114,Khris,Middleton,1610612764,765,660,23589.0,4645,10086,0.460539361491,1398,3608,0.387472283813,2090,2380,0.878151260504,474,3186,3660,3030,888,150,1602,1935,12778
203458,Alex,Len,1610612747,683,240,11668.0,1772,3474,0.510074841681,111,345,0.321739130434,935,1376,0.679505813953,1175,2427,3602,583,247,613,729,1598,4590
203468,CJ,McCollum,1610612740,776,679,24928.0,5795,12785,0.453265545561,1956,4921,0.397480186953,1669,2085,0.800479616306,499,2326,2825,2950,691,325,1401,1636,15215
203469,Cody,Zeller,1610612745,552,275,11509.0,1649,3172,0.519861286254,33,150,0.22,1045,1438,0.726703755215,1067,2058,3125,740,332,330,552,1359,4376
203471,Dennis,Schröder,1610612765,822,416,22452.0,4218,9752,0.432526661197,1035,3018,0.342942345924,2022,2418,0.836228287841,343,2034,2377,3982,682,117,1861,1706,11493
203482,Kelly,Olynyk,1610612740,784,267,17590.0,2849,5876,0.484853641933,908,2454,0.370008149959,1355,1698,0.797997644287,948,3096,4044,1916,616,360,1253,2228,7961
203484,Kentavious,Caldwell-Pope,1610612753,893,751,26502.0,3560,8354,0.42614316495,1499,4110,0.364720194647,1369,1666,0.821728691476,511,2147,2658,1617,1037,259,907,1663,9988
203486,Mason,Plumlee,1610612756,845,475,18541.0,2687,4523,0.594074729162,2,49,0.04081632653,1449,2521,0.574771915906,1746,3936,5682,2023,590,698,1187,2259,6825
203497,Rudy,Gobert,1610612750,812,720,24873.0,3797,5800,0.654655172413,0,17,0.0,2602,4061,0.640728884511,2733,6755,9488,1097,558,1699,1323,2159,10196
203500,Steven,Adams,1610612745,747,643,19445.0,2770,4729,0.58574751533,1,16,0.0625,1120,2101,0.533079485959,2706,3289,5995,1124,637,694,1065,1787,6661
203501,Tim,Hardaway,1610612765,792,401,21690.0,3777,9053,0.417209764718,1794,4972,0.360820595333,1548,1904,0.813025210084,251,2031,2282,1455,483,106,791,1282,10896
203507,Giannis,Antetokounmpo,1610612749,838,773,27515.0,7300,13287,0.549409196959,536,1884,0.284501061571,4787,6903,0.69346660872,1554,6736,8290,4123,937,1045,2537,2492,19923
203552,Seth,Curry,1610612766,531,219,12025.0,1955,4154,0.47063071738,920,2129,0.432127759511,504,585,0.861538461538,170,918,1088,1007,355,73,518,802,5334
203897,Zach,LaVine,1610612758,631,542,20615.0,4664,9969,0.467850336041,1456,3761,0.387131082159,2295,2757,0.832426550598,285,2301,2586,2512,560,182,1663,1333,13079
203901,Elfrid,Payton,0,513,400,13650.0,2112,4733,0.446228607648,190,663,0.286576168929,675,1084,0.622693726937,529,1515,2044,2935,604,157,1111,1022,5089
203903,Jordan,Clarkson,1610612762,748,231,20712.0,4470,10243,0.43639558723,1394,4145,0.33630880579,1626,1959,0.830015313935,644,1864,2508,2197,610,115,1396,1264,11960
203914,Gary,Harris,1610612753,601,445,16436.0,2354,5278,0.446002273588,898,2438,0.368334700574,786,970,0.81030927835,344,1045,1389,1127,659,135,628,1050,6392
203915,Spencer,Dinwiddie,1610612742,600,334,16542.0,2529,6109,0.413979374693,937,2804,0.334165477888,1797,2251,0.798311861394,247,1532,1779,3018,426,162,971,1310,7792
203924,Jerami,Grant,1610612757,717,432,19994.0,3204,7138,0.448865228355,935,2570,0.363813229571,2056,2734,0.752011704462,605,2214,2819,1149,484,748,911,1636,9399
203926,Doug,McDermott,1610612758,687,97,13497.0,2234,4747,0.470613018748,971,2365,0.410570824524,518,644,0.804347826086,259,1191,1450,661,146,62,436,983,5957
203932,Aaron,Gordon,1610612743,705,607,20600.0,3599,7467,0.481987411276,731,2236,0.326923076923,1544,2243,0.688363798484,1236,3167,4403,1888,517,440,1040,1380,9473
203935,Marcus,Smart,1610612764,623,386,18505.0,2230,5752,0.38769123783,984,3049,0.322728763529,1176,1512,0.777777777777,501,1656,2157,2863,982,225,1184,1595,6620
203937,Kyle,Anderson,1610612748,696,308,14955.0,1854,3886,0.477097272259,287,843,0.340450771055,747,1047,0.71346704871,537,2457,2994,1923,685,430,700,1077,4742
203939,Dwight,Powell,1610612742,685,251,12297.0,1738,2881,0.603262755987,123,418,0.294258373205,1098,1489,0.737407656145,1073,1874,2947,703,410,304,456,1500,4697
203944,Julius,Randle,1610612750,689,609,22075.0,4757,10118,0.470152203992,813,2450,0.331836734693,2807,3730,0.75254691689,1367,4982,6349,2601,474,279,1934,2099,13134
203952,Andrew,Wiggins,1610612748,755,743,25554.0,5180,11548,0.448562521648,1122,3157,0.355400696864,2471,3403,0.726124008228,984,2398,3382,1719,729,507,1398,1632,13953
203954,Joel,Embiid,1610612755,452,452,14407.0,4117,8212,0.501339503166,532,1568,0.339285714285,3757,4538,0.827897752313,1008,3979,4987,1658,411,738,1547,1369,12523
203957,Danté,Exum,1610612742,311,96,5848.0,710,1633,0.434782608695,233,686,0.339650145772,275,361,0.761772853185,118,492,610,711,133,52,368,528,1928
203967,Dario,Šarić,1610612743,492,230,11070.0,1824,4114,0.443364122508,638,1771,0.360248447204,823,983,0.837232960325,678,1947,2625,939,278,97,720,984,5109
203991,Clint,Capela,1610612737,659,587,17318.0,3453,5593,0.61737886644,0,6,0.0,1011,1857,0.544426494345,2416,4534,6950,672,445,946,703,1549,7917
203992,Bogdan,Bogdanović,1610612746,480,194,13718.0,2506,5766,0.434616718695,1185,3127,0.37895746722,706,838,0.842482100238,235,1361,1596,1541,491,124,692,1018,6903
203994,Jusuf,Nurkić,1610612766,569,484,13971.0,2661,5307,0.501413227812,118,420,0.280952380952,1354,2027,0.667982239763,1446,3647,5093,1423,526,635,1231,1814,6794
203995,Vasilije,Micić,1610612756,96,37,1939.0,254,643,0.395023328149,88,279,0.315412186379,95,116,0.818965517241,34,141,175,389,46,7,173,112,691
203999,Nikola,Jokić,1610612743,729,688,23019.0,6047,10812,0.559285978542,782,2174,0.359705611775,2835,3430,0.826530612244,1939,5997,7936,5232,918,527,2123,1952,15711
204001,Kristaps,Porziņģis,1610612738,491,490,15120.0,3382,7347,0.460323941744,924,2538,0.364066193853,1939,2336,0.830051369863,850,2971,3821,888,361,897,820,1470,9627
204060,Joe,Ingles,1610612750,721,313,17477.0,2018,4511,0.447350919973,1227,2999,0.409136378792,459,593,0.774030354131,222,1973,2195,2588,622,101,1057,1271,5722
204456,T.J.,McConnell,1610612754,682,96,14516.0,2324,4500,0.516444444444,168,484,0.347107438016,398,510,0.780392156862,370,1627,1997,3441,828,128,1101,960,5214
1626143,Jahlil,Okafor,0,248,116,4829.0,1092,2016,0.541666666666,6,27,0.222222222222,376,556,0.676258992805,377,793,1170,226,73,195,347,515,2566
1626145,Tyus,Jones,1610612756,660,216,13961.0,1956,4399,0.44464651057,645,1727,0.373480023161,483,590,0.818644067796,182,1143,1325,2942,650,64,547,512,5040
1626153,Delon,Wright,1610612752,537,87,10957.0,1315,2947,0.446216491347,354,1016,0.34842519685,616,771,0.798962386511,414,1217,1631,1609,644,186,469,554,3600
1626156,D'Angelo,Russell,1610612751,617,524,18436.0,3862,9018,0.428254601907,1553,4236,0.366619452313,1453,1823,0.797037849698,296,1786,2082,3523,654,201,1626,1175,10730
1626157,Karl-Anthony,Towns,1610612752,626,626,21307.0,5293,10100,0.52405940594,1084,2707,0.40044329516,2753,3284,0.838306942752,1752,5171,6923,1985,505,761,1688,2133,14423
1626158,Richaun,Holmes,1610612764,479,178,9190.0,1683,2778,0.605831533477,49,182,0.26923076923,668,892,0.748878923766,829,1711,2540,464,237,444,402,1188,4083
1626162,Kelly,Oubre,1610612755,650,306,17582.0,3124,7134,0.437902999719,975,3006,0.324351297405,1383,1839,0.752039151712,694,2321,3015,736,678,323,720,1712,8606
1626164,Devin,Booker,1610612756,652,627,22367.0,5563,11998,0.463660610101,1386,3893,0.35602363216,3431,3930,0.873027989821,401,2226,2627,3365,567,188,1961,1915,15943
1626166,Cameron,Payne,1610612752,458,67,8032.0,1354,3213,0.421413009648,524,1419,0.369274136715,348,418,0.832535885167,131,791,922,1465,293,94,509,774,3580
1626167,Myles,Turner,1610612754,621,588,17854.0,3224,6458,0.499225766491,713,1971,0.36174530695,1541,2000,0.7705,878,3333,4211,785,430,1362,880,1837,8702
1626168,Trey,Lyles,1610612758,628,128,11485.0,1714,3891,0.440503726548,622,1793,0.346904629113,724,972,0.744855967078,552,2163,2715,659,246,225,504,888,4774
1626171,Bobby,Portis,1610612749,652,153,14824.0,3147,6586,0.477831764348,732,1912,0.382845188284,743,973,0.763617677286,1229,3428,4657,848,391,246,715,1259,7769
1626172,Kevon,Looney,1610612744,576,262,10009.0,1225,2130,0.575117370892,10,62,0.16129032258,433,711,0.609001406469,1246,2041,3287,932,296,307,343,1265,2893
1626179,Terry,Rozier,1610612748,651,379,18077.0,3333,7950,0.419245283018,1342,3699,0.362800756961,1157,1396,0.828796561604,435,2136,2571,2309,605,164,885,968,9165
1626181,Norman,Powell,1610612746,602,244,14492.0,2772,5872,0.472070844686,1031,2584,0.398993808049,1366,1653,0.826376285541,217,1401,1618,916,493,161,758,1115,7941
1626192,Pat,Connaughton,1610612749,585,71,11295.0,1276,2929,0.435643564356,675,1894,0.356388595564,269,348,0.772988505747,404,1592,1996,810,280,157,324,686,3496
1626196,Josh,Richardson,0,554,322,15814.0,2327,5433,0.428308485183,873,2405,0.362993762993,854,1009,0.846382556987,378,1307,1685,1463,566,297,732,1230,6381
1626204,Larry,Nance,1610612737,546,137,12587.0,1727,3204,0.539013732833,241,682,0.353372434017,509,731,0.696306429548,1005,2336,3341,1017,621,268,504,1152,4204
1626220,Royce,O'Neale,1610612756,579,315,15258.0,1449,3392,0.427181603773,881,2283,0.385895751204,312,405,0.77037037037,383,2405,2788,1385,470,255,585,1370,4091
1627732,Ben,Simmons,1610612746,370,344,11720.0,2067,3691,0.560010837171,5,36,0.138888888888,864,1459,0.592186429061,630,2167,2797,2723,563,251,1139,1044,5003
1627734,Domantas,Sabonis,1610612758,631,491,19441.0,3971,7095,0.55968992248,302,869,0.347525891829,1913,2626,0.7284843869,1703,4997,6700,3084,482,293,1627,1980,10157
1627736,Malik,Beasley,1610612765,556,203,13100.0,2315,5417,0.427358316411,1373,3513,0.390834044975,398,514,0.774319066147,238,1333,1571,755,373,65,452,744,6401
1627739,Kris,Dunn,1610612746,385,200,8934.0,1209,2774,0.435832732516,235,728,0.322802197802,307,419,0.732696897374,204,1091,1295,1561,563,161,615,1052,2960
1627741,Buddy,Hield,1610612744,691,434,19693.0,3803,8791,0.432601524286,2074,5214,0.39777522056,816,952,0.857142857142,509,2354,2863,1738,597,222,1132,1418,10496
1627742,Brandon,Ingram,1610612761,495,456,16315.0,3528,7541,0.467842461212,687,1892,0.36310782241,1913,2429,0.787566899958,361,2205,2566,2130,358,280,1268,1198,9656
1627747,Caris,LeVert,1610612737,506,223,14080.0,2592,5951,0.435557049235,747,2164,0.345194085027,1077,1461,0.737166324435,357,1563,1920,2047,531,187,900,1003,7008
1627749,Dejounte,Murray,1610612740,503,432,14745.0,3106,6853,0.453232161097,604,1776,0.34009009009,987,1249,0.790232185748,455,2470,2925,2718,741,139,1061,901,7803
1627750,Jamal,Murray,1610612743,522,447,16285.0,3441,7566,0.45479777954,1117,2921,0.382403286545,1317,1518,0.867588932806,392,1565,1957,2424,527,193,1065,955,9316
1627751,Jakob,Poeltl,1610612761,585,331,13069.0,2274,3618,0.628524046434,2,6,0.333333333333,594,1079,0.550509731232,1573,2497,4070,1058,369,744,700,1453,5144
1627752,Taurean,Prince,1610612749,559,321,13724.0,1968,4612,0.42671292281,947,2471,0.383245649534,659,812,0.811576354679,256,1760,2016,963,447,216,779,1139,5542
1627759,Jaylen,Brown,1610612738,590,483,18061.0,4212,8798,0.478745169356,1125,3125,0.36,1649,2278,0.723880597014,599,2543,3142,1537,598,222,1248,1492,11198
1627763,Malcolm,Brogdon,1610612764,463,296,13480.0,2601,5621,0.46272905177,752,1940,0.387628865979,1123,1285,0.873929961089,363,1554,1917,2156,370,108,789,846,7077
1627777,Georges,Niang,1610612737,524,31,9073.0,1374,3090,0.444660194174,832,2090,0.398086124401,239,279,0.856630824372,164,1145,1309,505,170,75,350,934,3819
1627780,Gary,Payton,1610612744,255,50,3737.0,565,1022,0.552837573385,115,347,0.331412103746,90,145,0.620689655172,221,486,707,290,241,74,151,431,1335
1627783,Pascal,Siakam,1610612754,609,515,19003.0,4177,8381,0.498389213697,668,1961,0.340642529321,1920,2510,0.764940239043,925,3142,4067,2189,553,358,1096,1656,10942
1627814,Damion,Lee,1610612756,305,58,6143.0,845,1950,0.433333333333,382,1020,0.374509803921,367,417,0.880095923261,141,854,995,418,193,28,244,476,2439
1627824,Guerschon,Yabusele,1610612755,128,33,1903.0,272,555,0.49009009009,101,269,0.375464684014,101,139,0.726618705035,142,262,404,135,57,34,95,186,746
1627826,Ivica,Zubac,1610612746,561,428,12636.0,2256,3678,0.613376835236,1,12,0.083333333333,983,1354,0.72599704579,1454,2996,4450,721,208,553,675,1322,5496
1627827,Dorian,Finney-Smith,1610612747,571,431,15887.0,1727,3958,0.436331480545,871,2423,0.359471729261,394,547,0.72029250457,860,1736,2596,823,468,257,497,1244,4719
1627832,Fred,VanVleet,1610612745,535,386,16678.0,2703,6713,0.402651571577,1347,3619,0.372202265819,1265,1463,0.864661654135,237,1601,1838,3049,735,248,893,1175,8018
1627884,Derrick,Jones,1610612746,477,214,9632.0,1276,2530,0.504347826086,300,928,0.323275862068,547,770,0.710389610389,575,993,1568,354,332,301,298,897,3399
1627936,Alex,Caruso,1610612760,400,131,8961.0,951,2176,0.437040441176,407,1082,0.376155268022,393,522,0.752873563218,248,899,1147,1140,533,201,472,832,2702
1628365,Markelle,Fultz,1610612758,237,164,5970.0,1102,2334,0.472150814053,80,290,0.275862068965,324,443,0.731376975169,213,588,801,1086,279,68,442,455,2608
1628366,Lonzo,Ball,1610612741,287,253,8964.0,1206,3033,0.397626112759,662,1828,0.362144420131,188,314,0.598726114649,287,1278,1565,1678,438,179,678,602,3262
1628368,De'Aaron,Fox,1610612759,524,510,17428.0,4156,8845,0.469869983041,804,2428,0.331136738056,2144,2878,0.744961779013,327,1726,2053,3214,753,220,1435,1366,11260
1628369,Jayson,Tatum,1610612738,570,570,19638.0,4651,10116,0.459766706207,1501,4031,0.372364177623,2587,3083,0.839117742458,502,3669,4171,2144,626,377,1342,1199,13390
1628370,Malik,Monk,1610612758,508,75,11520.0,2236,5158,0.433501357115,909,2595,0.350289017341,834,982,0.849287169042,184,1141,1325,1590,307,169,801,838,6215
1628371,Jonathan,Isaac,1610612753,258,108,5417.0,751,1695,0.443067846607,216,664,0.325301204819,307,407,0.754299754299,359,942,1301,209,245,340,205,413,2025
1628374,Lauri,Markkanen,1610612762,446,420,13859.0,2802,6151,0.455535685254,1130,3039,0.371832839749,1404,1620,0.866666666666,630,2557,3187,654,314,221,618,839,8138
1628378,Donovan,Mitchell,1610612739,524,516,17758.0,4612,10237,0.450522614047,1587,4297,0.369327437747,2167,2577,0.840900271633,419,1821,2240,2444,720,167,1410,1271,12978
1628379,Luke,Kennard,1610612763,441,117,10300.0,1543,3384,0.455969267139,883,2002,0.441058941058,398,452,0.880530973451,130,1116,1246,984,229,54,424,597,4367
1628380,Zach,Collins,1610612741,356,78,6735.0,1079,2255,0.478492239467,227,686,0.330903790087,458,601,0.762063227953,518,1173,1691,643,151,244,484,899,2843
1628381,John,Collins,1610612762,470,408,13675.0,2916,5338,0.546272011989,489,1342,0.364381520119,1182,1493,0.791694574681,1038,2750,3788,695,286,478,721,1431,7503
1628384,OG,Anunoby,1610612752,471,397,14069.0,2211,4666,0.473853407629,803,2146,0.374184529356,628,832,0.754807692307,518,1513,2031,774,600,269,615,1120,5853
1628386,Jarrett,Allen,1610612739,545,480,15407.0,2786,4363,0.63855145542,19,114,0.166666666666,1386,1943,0.713329902213,1562,3481,5043,904,347,684,739,1076,6977
1628389,Bam,Adebayo,1610612748,545,441,16590.0,3258,6044,0.539046988749,68,249,0.273092369477,1878,2493,0.753309265944,1224,3606,4830,1949,577,477,1177,1330,8462
1628392,Isaiah,Hartenstein,1610612760,361,98,6890.0,984,1666,0.590636254501,27,101,0.267326732673,381,558,0.682795698924,806,1451,2257,692,255,331,385,907,2376
1628398,Kyle,Kuzma,1610612749,517,384,16116.0,3372,7515,0.44870259481,1007,3020,0.333443708609,1119,1546,0.723803363518,530,2765,3295,1398,292,272,1122,1076,8870
1628401,Derrick,White,1610612738,475,359,13428.0,2105,4686,0.449210413999,875,2371,0.369042598059,995,1167,0.852613538988,280,1433,1713,1949,384,426,656,1002,6080
1628404,Josh,Hart,1610612752,509,268,15342.0,1911,4048,0.472084980237,628,1830,0.343169398907,791,1045,0.756937799043,646,2866,3512,1557,520,169,694,1191,5241
1628408,PJ,Dozier,0,130,6,2008.0,270,670,0.402985074626,85,273,0.311355311355,75,116,0.646551724137,67,270,337,204,65,35,93,177,700
1628415,Dillon,Brooks,1610612745,473,446,13919.0,2477,5932,0.417565745111,841,2386,0.352472757753,879,1093,0.804208600182,370,1171,1541,946,433,121,683,1576,6674
1628418,Thomas,Bryant,1610612754,309,143,5578.0,1124,1908,0.589098532494,154,433,0.355658198614,416,539,0.771799628942,446,1179,1625,320,106,217,223,504,2818
1628420,Monté,Morris,1610612756,415,166,9761.0,1548,3273,0.472960586617,461,1195,0.385774058577,384,465,0.825806451612,140,839,979,1503,300,73,302,426,3941
1628427,Vlatko,Čančar,1610612743,134,11,1426.0,174,362,0.480662983425,61,168,0.363095238095,61,72,0.847222222222,51,176,227,114,36,21,65,131,470
1628436,Luke,Kornet,1610612738,332,49,4802.0,659,1261,0.522601110229,148,459,0.322440087145,202,253,0.798418972332,414,684,1098,347,113,276,126,390,1668
1628449,Chris,Boucher,1610612761,407,23,7216.0,1284,2629,0.488398630658,371,1096,0.338503649635,673,864,0.778935185185,708,1376,2084,201,197,384,221,764,3612
1628464,Daniel,Theis,0,411,160,7732.0,1154,2148,0.537243947858,195,599,0.325542570951,401,552,0.726449275362,605,1334,1939,514,190,339,325,1019,2904
1628467,Maxi,Kleber,1610612747,440,151,9826.0,997,2249,0.443308136949,490,1385,0.353790613718,337,434,0.776497695852,475,1459,1934,508,179,378,297,905,2821
1628470,Torrey,Craig,1610612738,445,169,8747.0,1017,2241,0.453815261044,416,1172,0.35494880546,211,300,0.703333333333,560,1199,1759,466,228,248,287,913,2661
1628960,Grayson,Allen,1610612756,387,248,9884.0,1363,3027,0.450280806078,825,1993,0.413948820873,537,625,0.8592,199,981,1180,777,283,108,376,615,4088
1628963,Marvin,Bagley,1610612763,278,128,6371.0,1385,2670,0.51872659176,124,422,0.293838862559,542,785,0.690445859872,653,1208,1861,249,128,178,330,530,3436
1628964,Mo,Bamba,0,360,101,6054.0,949,1989,0.477124183006,291,814,0.357493857493,262,385,0.680519480519,549,1406,1955,304,132,457,286,742,2451
1628969,Mikal,Bridges,1610612752,533,466,17715.0,2897,6008,0.482190412782,945,2539,0.372193777077,1061,1264,0.839398734177,471,1661,2132,1405,632,308,647,990,7800
1628970,Miles,Bridges,1610612766,404,299,12449.0,2343,5054,0.46359319351,687,2008,0.342131474103,845,1029,0.821185617103,445,2042,2487,1049,313,277,634,766,6218
1628971,Bruce,Brown,1610612740,440,257,10944.0,1520,3186,0.477087256748,268,805,0.332919254658,583,759,0.768115942028,459,1395,1854,1073,407,216,488,1039,3891
1628973,Jalen,Brunson,1610612752,480,330,13981.0,3179,6500,0.489076923076,761,1941,0.392065945388,1523,1848,0.824134199134,224,1308,1532,2403,346,46,829,881,8642
1628975,Jevon,Carter,1610612741,403,48,6154.0,761,1920,0.396354166666,460,1202,0.382695507487,111,139,0.798561151079,122,551,673,637,236,97,238,501,2093
1628976,Wendell,Carter,1610612753,363,325,9905.0,1653,3231,0.511606313834,262,824,0.317961165048,804,1108,0.725631768953,829,2211,3040,735,234,263,560,1044,4372
1628978,Donte,DiVincenzo,1610612750,396,198,10113.0,1488,3509,0.424052436591,853,2272,0.375440140845,378,487,0.776180698151,369,1345,1714,1129,473,103,568,698,4207
1628981,Bruno,Fernando,0,220,21,2325.0,351,646,0.54334365325,6,49,0.122448979591,164,251,0.653386454183,235,477,712,161,58,102,160,362,872
1628983,Shai,Gilgeous-Alexander,1610612760,444,435,14676.0,3729,7450,0.500536912751,571,1622,0.352034525277,2656,3092,0.858990944372,335,1797,2132,2232,643,352,1039,1010,10685
1628988,Aaron,Holiday,1610612745,429,66,7116.0,1007,2408,0.41818936877,393,1047,0.375358166189,352,412,0.854368932038,124,561,685,871,260,75,372,629,2759
1628989,Kevin,Huerter,1610612741,464,366,12985.0,2013,4574,0.440096195889,975,2596,0.375577812018,342,449,0.761692650334,269,1303,1572,1351,423,160,560,1045,5343
1628991,Jaren,Jackson,1610612763,390,381,11128.0,2534,5433,0.466408982146,664,1915,0.346736292428,1444,1827,0.790366721401,534,1648,2182,578,394,759,734,1423,7176
1628995,Kevin,Knox,0,310,77,5552.0,816,2078,0.392685274302,339,995,0.340703517587,328,453,0.724061810154,169,715,884,231,120,81,256,486,2299
1628997,Caleb,Martin,1610612742,297,112,7284.0,937,2089,0.448539971278,313,872,0.358944954128,343,464,0.739224137931,316,854,1170,483,259,129,298,532,2530
1628998,Cody,Martin,1610612756,245,54,5471.0,588,1337,0.439790575916,165,518,0.318532818532,200,304,0.657894736842,239,674,913,564,243,98,233,379,1541
1629001,De'Anthony,Melton,1610612751,356,148,8147.0,1152,2810,0.409964412811,542,1470,0.368707482993,385,494,0.77935222672,265,1051,1316,988,502,172,488,728,3231
1629003,Shake,Milton,1610612747,346,46,6540.0,1052,2332,0.451114922813,292,817,0.357405140758,442,536,0.824626865671,163,599,762,842,157,72,357,583,2838
1629004,Svi,Mykhailiuk,1610612762,316,68,5089.0,725,1798,0.403225806451,422,1170,0.360683760683,189,248,0.762096774193,109,447,556,425,173,32,275,300,2061
1629006,Josh,Okogie,1610612766,408,162,7826.0,837,2051,0.408093612871,264,880,0.3,640,857,0.746791131855,444,769,1213,471,380,172,340,702,2578
1629008,Michael,Porter,1610612743,325,271,9339.0,1999,3990,0.501002506265,799,1947,0.410374935798,466,587,0.793867120954,444,1614,2058,444,191,188,375,614,5263
1629011,Mitchell,Robinson,1610612752,321,196,7842.0,1095,1562,0.701024327784,0,0,0.0,365,705,0.517730496453,1181,1362,2543,200,290,602,224,908,2555
1629012,Collin,Sexton,1610612762,391,319,11729.0,2671,5689,0.469502548778,590,1522,0.3876478318,1424,1694,0.840613931523,346,761,1107,1433,301,51,907,880,7356
1629013,Landry,Shamet,1610612752,375,97,7930.0,1043,2543,0.410145497443,674,1762,0.382519863791,360,432,0.833333333333,86,538,624,587,179,56,252,638,3120
1629014,Anfernee,Simons,1610612757,375,199,9941.0,1957,4542,0.430867459269,920,2402,0.38301415487,695,792,0.877525252525,125,813,938,1210,187,48,604,687,5529
1629018,Gary,Trent,1610612749,394,208,11127.0,1941,4583,0.423521710669,954,2447,0.389865140988,586,715,0.81958041958,146,796,942,572,460,74,277,624,5422
1629020,Jarred,Vanderbilt,1610612747,287,168,5806.0,693,1227,0.564792176039,45,151,0.298013245033,278,436,0.637614678899,576,1238,1814,411,305,121,276,576,1709
1629021,Moritz,Wagner,1610612753,363,57,6051.0,1187,2259,0.525453740593,260,802,0.324189526184,694,860,0.806976744186,368,1068,1436,439,185,109,418,791,3328
1629022,Lonnie,Walker,1610612755,325,88,6592.0,1182,2813,0.420191965872,453,1281,0.35362997658,361,454,0.795154185022,82,656,738,471,174,89,283,427,3178
1629023,P.J.,Washington,1610612742,379,309,11580.0,1842,4134,0.445573294629,663,1856,0.357219827586,591,830,0.712048192771,465,1750,2215,857,370,372,596,954,4938
1629026,Kenrich,Williams,1610612760,369,72,7325.0,940,1996,0.470941883767,319,878,0.363325740318,128,234,0.547008547008,464,1056,1520,655,283,96,271,689,2327
1629027,Trae,Young,1610612737,463,463,15913.0,3708,8568,0.432773109243,1222,3478,0.351351351351,3072,3525,0.871489361702,289,1336,1625,4508,481,73,1966,810,11710
1629028,Deandre,Ayton,1610612757,398,391,12270.0,2905,4926,0.589727974015,28,122,0.229508196721,704,932,0.755364806866,1219,2948,4167,649,292,380,688,1051,6542
1629029,Luka,Dončić,1610612747,429,429,14943.0,4161,8888,0.468159315931,1290,3727,0.34612288704,2624,3506,0.748431260695,412,3303,3715,3534,523,195,1697,982,12236
1629048,Goga,Bitadze,1610612753,299,96,4323.0,655,1210,0.541322314049,61,261,0.233716475095,275,414,0.664251207729,465,776,1241,336,127,319,218,545,1646
1629057,Robert,Williams,1610612757,235,100,4753.0,751,1039,0.72281039461,1,7,0.142857142857,188,279,0.673835125448,588,1015,1603,325,172,388,204,445,1691
1629060,Rui,Hachimura,1610612747,328,216,9081.0,1651,3334,0.495200959808,358,944,0.379237288135,548,718,0.763231197771,336,1268,1604,431,204,99,297,542,4208
1629098,Jack,McVeigh,1610612745,6,0,21.0,3,11,0.272727272727,2,8,0.25,0,0,0.0,1,3,4,1,0,1,1,1,8
1629111,Jock,Landale,1610612745,209,8,2646.0,431,847,0.508854781582,66,228,0.28947368421,188,245,0.767346938775,309,376,685,203,52,86,134,281,1116
1629130,Duncan,Robinson,1610612748,404,276,10560.0,1551,3582,0.432998324958,1149,2901,0.396070320579,329,376,0.875,80,998,1078,747,215,74,404,933,4580
1629162,Jordan,McLaughlin,1610612759,274,7,3934.0,423,955,0.442931937172,166,447,0.371364653243,118,161,0.732919254658,87,319,406,785,221,31,183,202,1130
1629216,Gabe,Vincent,1610612747,256,74,5316.0,657,1666,0.394357743097,352,1066,0.330206378986,142,171,0.830409356725,76,326,402,542,196,30,260,518,1808
1629234,Drew,Eubanks,1610612746,366,75,5758.0,857,1414,0.606082036775,21,53,0.396226415094,398,550,0.723636363636,520,1145,1665,361,133,308,316,590,2133
1629312,Haywood,Highsmith,1610612748,195,77,3757.0,390,861,0.452961672473,185,489,0.378323108384,59,101,0.584158415841,177,413,590,188,139,83,118,317,1024
1629599,Amir,Coffey,1610612746,308,67,5686.0,705,1553,0.453960077269,293,766,0.382506527415,347,413,0.8401937046,115,481,596,354,132,43,164,390,2050
1629610,DaQuan,Jeffries,1610612766,87,7,1127.0,120,290,0.413793103448,45,160,0.28125,23,29,0.793103448275,42,121,163,60,33,22,34,115,308
1629611,Terance,Mann,1610612737,390,168,8592.0,1187,2375,0.499789473684,306,815,0.375460122699,424,544,0.779411764705,378,1004,1382,746,213,87,302,729,3104
1629614,Andrew,Nembhard,1610612754,185,152,4970.0,707,1513,0.46728354263,183,534,0.342696629213,171,216,0.791666666666,93,381,474,827,186,25,307,421,1768
1629618,Jalen,Pickett,1610612743,55,0,419.0,51,116,0.439655172413,25,67,0.373134328358,5,6,0.833333333333,6,39,45,71,11,3,21,28,132
1629622,Max,Strus,1610612739,289,136,7351.0,1055,2488,0.424035369774,661,1806,0.366002214839,225,277,0.812274368231,171,795,966,663,163,69,276,557,2996
1629626,Bol,Bol,1610612756,190,40,2623.0,481,876,0.54908675799,91,271,0.335793357933,135,181,0.745856353591,124,556,680,117,51,151,173,176,1188
1629627,Zion,Williamson,1610612740,206,206,6479.0,1961,3331,0.588712098468,32,97,0.329896907216,1123,1631,0.688534641324,473,891,1364,871,210,132,586,462,5077
1629628,RJ,Barrett,1610612761,376,375,12514.0,2576,5846,0.44064317482,623,1797,0.346688925987,1315,1870,0.703208556149,344,1742,2086,1226,252,103,842,878,7090
1629629,Cam,Reddish,1610612747,252,116,5847.0,741,1857,0.399030694668,277,859,0.32246798603,390,475,0.821052631578,142,532,674,297,259,90,277,439,2149
1629630,Ja,Morant,1610612763,294,292,9369.0,2366,5062,0.467404188067,381,1215,0.313580246913,1442,1886,0.764581124072,276,1118,1394,2177,299,85,995,480,6555
1629631,De'Andre,Hunter,1610612739,307,242,9319.0,1595,3543,0.450183460344,547,1464,0.373633879781,812,992,0.818548387096,193,1056,1249,469,207,91,431,845,4549
1629632,Coby,White,1610612741,401,204,11848.0,2094,4898,0.427521437321,926,2513,0.368483883804,744,866,0.859122401847,150,1291,1441,1532,276,67,699,857,5858
1629634,Brandon,Clarke,1610612763,298,48,6219.0,1300,2151,0.604370060437,51,192,0.265625,394,567,0.694885361552,535,1097,1632,399,214,239,215,573,3045
1629636,Darius,Garland,1610612739,362,358,12047.0,2502,5502,0.454743729552,846,2165,0.390762124711,982,1135,0.865198237885,179,762,941,2420,419,43,1073,670,6832
1629637,Jaxson,Hayes,1610612747,348,68,5611.0,898,1400,0.641428571428,30,114,0.263157894736,509,719,0.707927677329,462,872,1334,240,160,233,246,687,2335
1629638,Nickeil,Alexander-Walker,1610612750,360,68,7419.0,1114,2695,0.413358,530,1461,0.362765,302,411,0.734793,146,726,872,811,240,137,424,591,3060
1629639,Tyler,Herro,1610612748,340,196,11034.0,2356,5311,0.443607606853,936,2449,0.382196815026,848,975,0.869743589743,141,1566,1707,1355,240,61,762,479,6496
1629640,Keldon,Johnson,1610612759,347,232,10029.0,2002,4296,0.466014897579,553,1566,0.35312899106,883,1160,0.761206896551,405,1455,1860,751,241,82,466,674,5440
1629643,Chuma,Okeke,0,190,55,3833.0,434,1133,0.383053839364,216,680,0.317647058823,105,133,0.78947368421,133,572,705,276,173,82,128,202,1189
1629645,Kevin,Porter,1610612749,248,148,6920.0,1262,2932,0.430422919508,427,1230,0.347154471544,532,740,0.718918918918,191,827,1018,1147,270,72,660,587,3483
1629646,Charles,Bassey,1610612759,111,3,1243.0,214,338,0.633136094674,3,13,0.230769230769,57,88,0.647727272727,176,306,482,93,43,96,87,184,488
1629650,Moses,Brown,1610612742,162,45,1888.0,334,587,0.568994889267,0,0,0.0,172,318,0.540880503144,299,493,792,25,54,89,103,231,840
1629651,Nic,Claxton,1610612751,292,210,7508.0,1304,2045,0.637652811735,4,34,0.117647058823,401,740,0.541891891891,642,1620,2262,482,207,509,317,683,3013
1629652,Luguentz,Dort,1610612760,347,338,10138.0,1444,3563,0.405276452427,686,1931,0.355256343863,686,864,0.793981481481,375,958,1333,559,329,144,393,1018,4260
1629655,Daniel,Gafford,1610612742,372,212,7378.0,1423,2007,0.709018435475,0,1,0.0,577,856,0.67406542056,798,1291,2089,390,188,578,355,916,3423
1629656,Quentin,Grimes,1610612755,223,107,5248.0,707,1616,0.4375,407,1084,0.375461254612,199,259,0.768339768339,128,517,645,385,152,59,197,416,2020
1629659,Talen,Horton-Tucker,1610612741,289,55,5694.0,988,2327,0.424581005586,239,796,0.300251256281,453,586,0.773037542662,140,632,772,823,231,107,412,529,2668
1629660,Ty,Jerome,1610612739,214,9,3803.0,646,1430,0.451748251748,260,687,0.378457059679,203,239,0.849372384937,85,347,432,595,153,20,202,311,1755
1629661,Cameron,Johnson,1610612751,327,168,8618.0,1433,3161,0.453337551407,763,1932,0.394927536231,531,626,0.848242811501,250,1025,1275,602,267,102,285,553,4160
1629667,Jalen,McDaniels,1610612764,251,45,4549.0,635,1414,0.449080622347,174,540,0.322222222222,255,328,0.77743902439,178,651,829,292,165,84,215,485,1699
1629669,Jaylen,Nowell,0,205,4,3518.0,697,1577,0.441978440076,197,624,0.315705128205,224,283,0.791519434628,92,353,445,380,99,34,147,281,1815
1629673,Jordan,Poole,1610612764,395,232,10942.0,2235,5331,0.41924592009,957,2800,0.341785714285,1197,1364,0.877565982404,148,925,1073,1493,341,112,919,1008,6624
1629674,Neemias,Queta,1610612738,94,5,1129.0,187,299,0.6254180602,0,2,0.0,66,95,0.694736842105,134,195,329,55,29,61,48,158,440
1629675,Naz,Reid,1610612750,386,70,7926.0,1682,3429,0.490522018081,530,1407,0.376687988628,559,764,0.73167539267,435,1430,1865,488,243,351,453,928,4453
1629680,Matisse,Thybulle,1610612757,332,119,6958.0,600,1378,0.43541364296,278,823,0.337788578371,108,159,0.679245283018,186,472,658,360,509,270,186,632,1586
1629684,Grant,Williams,1610612766,380,108,8709.0,946,2094,0.451766953199,446,1184,0.376689189189,386,499,0.773547094188,362,1031,1393,552,203,200,387,974,2724
1629723,John,Konchar,1610612763,291,56,5093.0,482,1031,0.46750727449,191,535,0.357009345794,107,148,0.722972972972,302,874,1176,417,224,121,147,350,1262
1629726,Garrison,Mathews,1610612737,310,64,5418.0,573,1417,0.404375441072,459,1203,0.381546134663,403,480,0.839583333333,95,450,545,219,164,56,126,557,2008
1629731,Dean,Wade,1610612739,263,118,5133.0,489,1142,0.42819614711,309,845,0.365680473372,98,144,0.680555555555,169,779,948,268,166,94,100,433,1385
1629750,Javonte,Green,1610612739,246,73,4269.0,500,962,0.51975051975,116,334,0.347305389221,228,302,0.754966887417,237,539,776,176,208,105,127,368,1344
1630162,Anthony,Edwards,1610612750,360,342,12514.0,3005,6759,0.444592395324,1027,2819,0.364313586378,1467,1832,0.800764192139,267,1648,1915,1507,480,219,1049,731,8504
1630163,LaMelo,Ball,1610612766,220,200,7031.0,1636,3864,0.423395445134,665,1824,0.364583333333,685,822,0.833333333333,276,1054,1330,1620,332,74,726,686,4622
1630164,James,Wiseman,0,148,55,2798.0,569,1016,0.560039370078,16,61,0.262295081967,196,287,0.682926829268,238,592,830,110,30,102,177,370,1350
1630165,Killian,Hayes,1610612751,215,149,5615.0,688,1795,0.383286908077,174,618,0.281553398058,204,263,0.775665399239,85,548,633,1118,248,97,426,546,1754
1630166,Deni,Avdija,1610612757,343,193,9105.0,1310,2859,0.45820216859,373,1134,0.328924162257,653,877,0.744583808437,301,1766,2067,920,271,152,538,857,3646
1630167,Obi,Toppin,1610612754,338,43,5753.0,1090,2084,0.523032629558,332,951,0.349106203995,290,375,0.773333333333,248,886,1134,386,148,122,230,444,2802
1630168,Onyeka,Okongwu,1610612737,286,55,6227.0,1055,1697,0.621685327047,52,172,0.302325581395,473,632,0.748417721518,689,1140,1829,344,180,307,257,789,2635
1630169,Tyrese,Haliburton,1610612754,317,278,10486.0,2000,4206,0.475511174512,811,2072,0.391409266409,720,841,0.856123662306,200,957,1157,2773,467,187,690,424,5531
1630170,Devin,Vassell,1610612759,281,164,7683.0,1451,3288,0.441301703163,547,1502,0.364181091877,432,537,0.804469273743,127,908,1035,721,284,118,306,425,3881
1630171,Isaac,Okoro,1610612739,312,234,8335.0,919,1978,0.464610717896,299,848,0.352594339622,425,581,0.731497418244,286,589,875,518,251,124,253,710,2562
1630172,Patrick,Williams,1610612741,258,210,7081.0,927,2053,0.45153433999,314,794,0.395465994962,313,402,0.778606965174,241,829,1070,372,219,185,332,447,2481
1630173,Precious,Achiuwa,1610612752,301,70,6072.0,931,1915,0.486161879895,120,390,0.307692307692,321,527,0.609108159392,590,1132,1722,300,169,197,300,547,2303
1630174,Aaron,Nesmith,1610612754,266,126,5564.0,788,1732,0.454965357967,353,943,0.374337221633,305,372,0.819892473118,184,668,852,283,168,106,212,691,2234
1630175,Cole,Anthony,1610612753,309,121,7722.0,1379,3295,0.41851289833,418,1219,0.342904019688,734,868,0.845622119815,222,1118,1340,1191,216,125,582,728,3910
1630178,Tyrese,Maxey,1610612755,316,243,10124.0,2231,4820,0.462863070539,695,1819,0.38207806487,1035,1195,0.86610878661,110,839,949,1386,287,107,447,633,6192
1630180,Saddiq,Bey,1610612764,292,223,8803.0,1372,3360,0.408333333333,650,1846,0.352112676056,709,842,0.842042755344,415,1117,1532,538,246,54,281,449,4103
1630182,Josh,Green,1610612766,276,114,6041.0,699,1434,0.487447698744,249,651,0.382488479262,189,274,0.689781021897,221,525,746,419,209,43,245,549,1836
1630183,Jaden,McDaniels,1610612750,345,269,9811.0,1385,2885,0.48006932409,422,1211,0.348472336911,334,444,0.752252252252,374,1041,1415,514,311,283,392,1067,3526
1630188,Jalen,Smith,1610612741,259,55,4184.0,828,1630,0.507975460122,222,657,0.337899543378,320,423,0.756501182033,422,935,1357,205,67,180,197,468,2198
1630191,Isaiah,Stewart,1610612765,290,180,7203.0,986,1959,0.503318019397,182,529,0.34404536862,361,493,0.732251521298,682,1408,2090,374,117,308,337,762,2515
1630192,Zeke,Nnaji,1610612743,233,10,2763.0,373,725,0.51448275862,93,258,0.360465116279,147,225,0.653333333333,216,319,535,88,68,99,94,333,986
1630193,Immanuel,Quickley,1610612761,312,86,7969.0,1432,3401,0.421052631578,644,1719,0.374636416521,811,946,0.857293868921,137,911,1048,1130,225,42,396,608,4319
1630194,Paul,Reed,1610612765,249,28,3141.0,536,970,0.552577319587,30,98,0.306122448979,134,190,0.705263157894,410,580,990,197,189,180,150,460,1236
1630198,Isaiah,Joe,1610612760,301,24,4947.0,734,1715,0.427988338192,522,1313,0.397562833206,197,239,0.824267782426,99,483,582,316,157,45,139,362,2187
1630200,Tre,Jones,1610612741,287,125,6117.0,915,1896,0.482594936708,133,439,0.302961275626,375,446,0.840807174887,171,612,783,1320,243,31,308,319,2338
1630202,Payton,Pritchard,1610612738,326,14,6383.0,1032,2287,0.451246174027,596,1488,0.400537634408,171,200,0.855,237,630,867,807,166,33,254,400,2831
1630205,Lamar,Stevens,1610612763,203,41,3193.0,455,983,0.462868769074,66,231,0.285714285714,172,237,0.725738396624,155,439,594,130,98,72,115,283,1148
1630208,Nick,Richards,1610612756,241,93,4310.0,658,1025,0.641951219512,1,5,0.2,405,553,0.732368896925,460,946,1406,147,57,211,219,490,1722
1630214,Xavier,Tillman,1610612738,255,59,4140.0,584,1142,0.511383537653,60,234,0.25641025641,152,265,0.57358490566,340,633,973,317,211,126,168,366,1380
1630215,Jared,Butler,1610612755,125,3,1433.0,273,595,0.458823529411,77,235,0.327659574468,83,104,0.798076923076,32,128,160,298,66,23,124,156,706
1630217,Desmond,Bane,1610612763,292,240,8562.0,1879,3982,0.471873430436,753,1839,0.409461663947,617,703,0.877667140825,201,1101,1302,1071,289,109,532,706,5128
1630222,Mason,Jones,1610612758,48,1,447.0,70,162,0.432098765432,28,83,0.33734939759,55,84,0.654761904761,11,67,78,61,10,1,33,38,223
1630224,Jalen,Green,1610612745,284,284,9308.0,1986,4697,0.42282307856,720,2105,0.342042755344,1031,1287,0.801087801087,150,1043,1193,933,217,82,678,445,5723
1630227,Daishen,Nix,0,99,7,1238.0,117,329,0.355623100303,53,184,0.28804347826,44,74,0.594594594594,26,112,138,181,51,7,121,83,331
1630228,Jonathan,Kuminga,1610612744,243,84,5360.0,1147,2242,0.511596788581,197,576,0.342013888888,551,796,0.692211055276,260,719,979,422,156,107,341,533,3042
1630230,Naji,Marshall,1610612742,277,51,5655.0,811,1827,0.443897099069,216,698,0.309455587392,404,513,0.787524366471,200,803,1003,589,206,51,312,404,2242
1630231,KJ,Martin,1610612762,295,71,6371.0,1030,1876,0.549040511727,182,542,0.335793357933,339,506,0.669960474308,343,869,1212,349,141,142,236,518,2581
1630241,Sam,Merrill,1610612739,152,5,2382.0,323,808,0.399752475247,267,700,0.381428571428,61,66,0.924242424242,55,212,267,212,66,13,54,187,974
1630243,Trevelin,Queen,1610612753,57,2,681.0,80,224,0.357142857142,30,121,0.247933884297,31,36,0.861111111111,38,57,95,61,39,21,41,61,221
1630245,Ayo,Dosunmu,1610612741,279,154,7813.0,1140,2273,0.501539815222,310,859,0.360884749708,266,344,0.773255813953,152,659,811,912,233,109,379,635,2856
1630249,Vít,Krejčí,1610612737,120,37,2207.0,230,523,0.439770554493,121,333,0.363363363363,45,60,0.75,50,236,286,229,65,34,89,204,626
1630256,Jae'Sean,Tate,1610612745,283,153,6267.0,951,1931,0.492490937338,169,553,0.305605786618,335,480,0.697916666666,405,791,1196,583,242,102,339,819,2406
1630264,Anthony,Gill,1610612764,217,15,1988.0,261,506,0.515810276679,41,136,0.301470588235,150,199,0.753768844221,129,231,360,113,41,40,70,221,713
1630283,Kylor,Kelley,1610612742,8,1,66.0,10,13,0.76923076923,0,0,0.0,4,6,0.666666666666,8,13,21,2,0,2,1,8,24
1630288,Jeff,Dowtin,1610612755,72,0,792.0,87,208,0.418269230769,21,69,0.304347826086,23,32,0.71875,21,71,92,107,30,9,19,34,218
1630311,Pat,Spencer,1610612744,32,0,217.0,33,84,0.392857142857,2,18,0.111111111111,11,15,0.733333333333,16,27,43,42,11,3,14,17,79
1630314,Brandon,Williams,1610612742,61,16,924.0,150,392,0.382653061224,44,144,0.305555555555,94,133,0.706766917293,25,78,103,134,30,13,78,68,438
1630322,Lindy,Waters,1610612765,146,10,1951.0,267,669,0.399103139013,198,548,0.361313868613,30,38,0.78947368421,46,239,285,119,61,36,46,153,762
1630346,Matt,Ryan,1610612752,82,1,773.0,100,257,0.389105058365,80,199,0.402010050251,25,28,0.892857142857,10,64,74,37,14,2,29,60,305
1630526,Jeremiah,Robinson-Earl,1610612740,178,63,3062.0,390,891,0.43771043771,143,420,0.340476190476,119,150,0.793333333333,246,497,743,166,92,37,105,226,1042
1630527,Brandon,Boston,1610612740,147,11,2346.0,407,989,0.411526794742,109,332,0.328313253012,178,228,0.780701754385,71,256,327,176,99,30,119,177,1101
1630528,Josh,Christopher,1610612748,146,4,2147.0,379,836,0.453349282296,77,279,0.275985663082,130,177,0.734463276836,72,188,260,227,98,29,178,157,965
1630529,Herbert,Jones,1610612740,240,231,7255.0,877,1837,0.477408818726,249,681,0.365638766519,430,522,0.823754789272,291,624,915,593,375,173,316,736,2433
1630530,Trey,Murphy,1610612740,242,131,6572.0,1094,2410,0.453941908713,583,1504,0.387632978723,514,588,0.874149659863,184,750,934,439,213,110,192,380,3285
1630531,Jaden,Springer,1610612762,97,4,777.0,94,227,0.414096916299,20,76,0.263157894736,58,73,0.794520547945,46,76,122,67,58,21,45,101,266
1630532,Franz,Wagner,1610612753,272,272,8739.0,1902,3994,0.476214321482,397,1216,0.326480263157,925,1088,0.850183823529,267,1029,1296,982,279,97,518,621,5126
1630533,Ziaire,Williams,1610612751,195,78,4023.0,571,1359,0.420161883738,225,723,0.311203319502,201,248,0.810483870967,125,482,607,239,130,45,190,365,1568
1630534,Ochai,Agbaji,1610612761,191,88,4307.0,558,1245,0.448192771084,224,642,0.34890965732,121,167,0.724550898203,164,371,535,231,108,87,147,317,1461
1630537,Chris,Duarte,0,177,62,3232.0,483,1190,0.405882352941,199,571,0.348511383537,183,225,0.813333333333,91,376,467,231,109,27,158,247,1348
1630538,Bones,Hyland,1610612750,182,10,3157.0,600,1508,0.397877984084,323,888,0.363738738738,234,276,0.847826086956,44,358,402,484,124,43,236,326,1757
1630539,Kai,Jones,1610612746,95,0,820.0,102,170,0.6,5,23,0.217391304347,31,46,0.673913043478,55,125,180,29,24,45,47,96,240
1630540,Miles,McBride,1610612752,221,19,3618.0,477,1161,0.410852713178,249,690,0.360869565217,121,153,0.790849673202,85,226,311,351,146,28,91,283,1324
1630541,Moses,Moody,1610612744,232,34,3597.0,549,1205,0.455601659751,249,673,0.369985141158,206,272,0.757352941176,140,356,496,189,94,62,125,264,1553
1630543,Isaiah,Jackson,1610612754,164,31,2438.0,464,780,0.594871794871,7,34,0.205882352941,235,350,0.671428571428,278,419,697,116,93,214,135,397,1170
1630544,Tre,Mann,1610612766,181,59,3856.0,643,1566,0.410600255427,250,715,0.34965034965,171,217,0.788018433179,84,429,513,415,145,30,223,273,1707
1630545,Terrence,Shannon,1610612750,21,1,252.0,49,98,0.5,8,26,0.307692307692,16,19,0.842105263157,9,29,38,27,6,5,12,17,122
1630548,Johnny,Juzang,1610612762,80,12,1342.0,193,470,0.410638297872,116,321,0.36137071651,39,51,0.764705882352,43,142,185,70,27,11,35,123,541
1630549,Day'Ron,Sharpe,1610612751,178,13,2517.0,476,856,0.556074766355,21,68,0.308823529411,185,285,0.649122807017,456,537,993,201,77,120,193,367,1158
1630550,JT,Thor,1610612739,174,11,2053.0,208,491,0.423625254582,77,237,0.324894514767,63,95,0.663157894736,93,254,347,85,43,64,75,158,556
1630551,Justin,Champagnie,1610612764,95,16,1260.0,179,382,0.468586387434,64,184,0.347826086956,49,65,0.753846153846,117,192,309,67,54,36,53,116,471
1630552,Jalen,Johnson,1610612737,184,94,4335.0,810,1607,0.504044803982,148,458,0.323144104803,255,358,0.712290502793,189,966,1155,470,164,119,257,322,2023
1630553,Keon,Johnson,1610612751,139,48,2527.0,381,1032,0.369186046511,149,476,0.313025210084,151,195,0.774358974358,85,250,335,251,110,41,166,262,1062
1630556,Kessler,Edwards,1610612742,168,36,1984.0,209,513,0.407407407407,93,273,0.340659340659,35,46,0.760869565217,90,255,345,94,64,46,68,186,546
1630557,Corey,Kispert,1610612764,284,103,7375.0,1139,2396,0.475375626043,567,1475,0.384406779661,304,378,0.804232804232,150,650,800,415,134,58,261,420,3149
1630558,Davion,Mitchell,1610612748,279,62,5964.0,815,1865,0.436997319034,277,820,0.337804878048,142,202,0.702970297029,89,376,465,868,156,53,309,469,2049
1630559,Austin,Reaves,1610612747,260,151,7708.0,1185,2471,0.479562929987,428,1176,0.363945578231,789,919,0.858541893362,180,783,963,1092,188,79,442,454,3587
1630560,Cam,Thomas,1610612751,210,75,4833.0,1103,2503,0.440671194566,296,851,0.347826086956,639,744,0.858870967741,64,476,540,413,112,32,296,297,3141
1630561,David,Duke,1610612759,52,7,635.0,87,211,0.412322274881,13,56,0.232142857142,33,43,0.767441860465,43,65,108,45,26,8,31,72,220
1630567,Scottie,Barnes,1610612761,257,256,8984.0,1717,3663,0.468741468741,282,936,0.301282051282,709,924,0.767316017316,585,1336,1921,1275,304,254,589,571,4425
1630568,Luka,Garza,1610612750,113,5,934.0,206,423,0.486997635933,46,150,0.306666666666,116,167,0.694610778443,139,103,242,50,22,12,47,148,574
1630570,Trendon,Watford,1610612751,197,24,3337.0,566,1075,0.526511627906,74,214,0.345794392523,267,350,0.762857142857,166,540,706,339,94,65,217,395,1473
1630572,Sandro,Mamukelashvili,1610612759,167,15,1845.0,290,624,0.464743589743,99,290,0.341379310344,103,142,0.725352112676,173,330,503,152,43,43,83,145,782
1630573,Sam,Hauser,1610612738,236,32,4233.0,588,1312,0.448170731707,462,1107,0.417344173441,33,40,0.825,118,546,664,212,101,57,82,266,1671
1630574,Ariel,Hukporti,1610612752,25,1,217.0,21,31,0.677419354838,0,0,0.0,6,13,0.461538461538,14,37,51,11,1,15,21,32,48
1630577,Julian,Champagnie,1610612759,148,88,3156.0,417,995,0.419095477386,257,698,0.368194842406,142,168,0.845238095238,97,389,486,185,102,74,121,180,1233
1630578,Alperen,Sengun,1610612745,266,204,7444.0,1632,3158,0.516782773907,99,364,0.271978021978,829,1178,0.703735144312,750,1501,2251,1057,270,228,637,841,4192
1630579,Jericho,Sims,1610612749,182,37,2446.0,190,268,0.70895522388,0,1,0.0,48,82,0.585365853658,271,434,705,95,42,81,87,261,428
1630581,Josh,Giddey,1610612741,266,266,7722.0,1495,3231,0.462705044877,298,911,0.327113062568,368,484,0.760330578512,453,1499,1952,1570,222,131,704,439,3656
1630583,Santi,Aldama,1610612763,221,66,4926.0,800,1743,0.458978772231,301,865,0.347976878612,231,333,0.693693693693,272,879,1151,392,135,140,196,320,2132
1630590,Scotty,Pippen,1610612763,85,32,1711.0,295,623,0.473515248796,85,226,0.37610619469,128,184,0.695652173913,69,188,257,343,105,31,159,208,803
1630591,Jalen,Suggs,1610612753,211,174,5579.0,917,2187,0.419295839048,337,1025,0.328780487804,427,548,0.779197080291,152,550,702,698,283,126,471,565,2598
1630592,Jalen,Wilson,1610612751,101,18,2222.0,256,640,0.4,104,334,0.311377245508,129,157,0.821656050955,110,223,333,154,43,7,85,177,745
1630595,Cade,Cunningham,1610612765,193,193,6506.0,1566,3560,0.439887640449,375,1105,0.339366515837,649,758,0.856200527704,147,890,1037,1409,199,113,726,532,4156
1630596,Evan,Mobley,1610612739,251,251,8167.0,1648,2998,0.549699799866,124,408,0.303921568627,663,949,0.698630136986,562,1680,2242,720,206,390,472,606,4083
1630598,Aaron,Wiggins,1610612760,257,72,5049.0,817,1601,0.510306058713,247,630,0.392063492063,227,285,0.79649122807,246,549,795,329,170,60,215,373,2108
1630604,E.J.,Liddell,1610612741,14,0,53.0,6,14,0.428571428571,3,11,0.272727272727,4,4,1.0,1,9,10,4,3,3,4,10,19
1630611,Gui,Santos,1610612744,57,1,626.0,71,153,0.464052287581,33,90,0.366666666666,33,41,0.80487804878,59,90,149,58,19,7,31,76,208
1630618,D.J.,Carton,0,8,0,68.0,4,15,0.266666666666,1,7,0.142857142857,5,6,0.833333333333,2,6,8,6,3,0,5,4,14
1630622,Jalen,Crutcher,1610612740,1,0,3.0,0,1,0.0,0,0,0.0,0,0,0.0,0,0,0,0,0,0,0,0,0
1630625,Dalano,Banton,1610612757,196,12,2749.0,482,1169,0.412318220701,142,450,0.315555555555,203,281,0.722419928825,105,332,437,365,105,66,208,204,1309
1630631,Jose,Alvarado,1610612740,207,22,4013.0,596,1421,0.41942294159,266,751,0.354194407456,173,230,0.752173913043,97,363,460,617,246,41,201,354,1631
1630639,A.J.,Lawson,1610612761,62,0,435.0,80,173,0.462427745664,25,80,0.3125,18,34,0.529411764705,21,54,75,22,12,3,17,33,203
1630643,Jay,Huff,1610612763,78,1,739.0,144,273,0.527472527472,73,176,0.414772727272,54,66,0.818181818181,32,102,134,43,17,49,35,87,415
1630644,Mac,McClung,1610612753,5,0,70.0,12,26,0.461538461538,5,14,0.357142857142,4,6,0.666666666666,3,11,14,12,1,1,6,8,33
1630649,Stanley,Umude,1610612749,44,2,369.0,41,105,0.390476190476,26,65,0.4,33,38,0.868421052631,12,53,65,13,12,10,16,46,141
1630658,Colin,Castleton,0,26,0,105.0,11,26,0.423076923076,0,4,0.0,16,17,0.941176470588,9,12,21,3,3,1,4,17,38
1630679,Ethan,Thompson,1610612753,-1,-1,-1.0,-1,-1,-1.0,-1,-1,-1.0,-1,-1,-1.0,-1,-1,-1,-1,-1,-1,-1,-1,-1
1630692,Jordan,Goodwin,1610612747,129,19,2302.0,320,778,0.411311053984,85,276,0.307971014492,99,131,0.755725190839,157,332,489,331,116,46,119,184,824
1630695,Micah,Potter,1610612762,52,9,718.0,70,147,0.47619047619,37,92,0.402173913043,19,22,0.863636363636,47,125,172,29,12,16,27,58,196
1630696,Dru,Smith,1610612748,38,2,557.0,64,139,0.460431654676,28,66,0.424242424242,14,17,0.823529411764,20,54,74,59,40,13,25,65,170
1630699,MarJon,Beauchamp,1610612746,129,12,1448.0,199,463,0.42980561555,86,241,0.356846473029,57,81,0.703703703703,69,180,249,76,37,15,86,137,541
1630700,Dyson,Daniels,1610612737,175,82,4270.0,547,1192,0.458892617449,129,399,0.323308270676,124,199,0.623115577889,190,542,732,517,295,79,217,337,1347
1630702,Jaden,Hardy,1610612742,165,15,2357.0,466,1109,0.420198376916,196,520,0.376923076923,165,216,0.763888888888,38,250,288,232,60,16,172,212,1293
1630703,Scoot,Henderson,1610612757,114,41,3142.0,530,1313,0.40365575019,169,491,0.344195519348,292,363,0.804407713498,89,259,348,609,110,26,349,336,1521
1630811,Keaton,Wallace,1610612737,25,3,418.0,53,124,0.427419354838,24,66,0.363636363636,11,11,1.0,5,30,35,55,22,8,28,31,141
1631093,Jaden,Ivey,1610612765,181,164,5419.0,1016,2369,0.428872942169,307,873,0.351660939289,578,775,0.745806451612,199,477,676,802,146,69,516,513,2917
1631094,Paolo,Banchero,1610612753,179,179,6123.0,1341,3048,0.439960629921,251,793,0.316519546027,947,1312,0.721798780487,195,1045,1240,831,148,107,529,372,3880
1631095,Jabari,Smith,1610612745,192,190,6027.0,892,2080,0.428846153846,320,950,0.336842105263,383,474,0.808016877637,329,1100,1429,259,107,168,233,514,2487
1631096,Chet,Holmgren,1610612760,99,99,2857.0,595,1132,0.525618374558,152,410,0.370731707317,274,349,0.785100286532,158,632,790,232,68,236,163,228,1616
1631097,Bennedict,Mathurin,1610612754,192,80,5456.0,1022,2273,0.449626044874,257,747,0.344042838018,746,903,0.826135105204,213,640,853,338,115,49,352,407,3047
1631098,Johnny,Davis,0,112,11,1277.0,160,403,0.397022332506,38,139,0.273381294964,37,66,0.560606060606,38,137,175,71,43,24,37,123,395
1631099,Keegan,Murray,1610612758,212,210,6881.0,1057,2348,0.450170357751,493,1325,0.372075471698,214,265,0.807547169811,309,865,1174,306,186,149,172,507,2821
1631101,Shaedon,Sharpe,1610612757,164,72,4384.0,820,1833,0.447354064375,267,784,0.340561224489,300,385,0.77922077922,145,447,592,321,106,50,253,313,2207
1631102,TyTy,Washington,1610612756,52,2,581.0,75,216,0.347222222222,24,104,0.230769230769,13,22,0.590909090909,7,55,62,64,21,2,19,33,187
1631103,Malaki,Branham,1610612759,175,61,3442.0,590,1356,0.435103244837,191,578,0.330449826989,130,153,0.849673202614,59,307,366,309,67,17,195,225,1501
1631104,Blake,Wesley,1610612759,133,4,1848.0,212,518,0.409266409266,37,131,0.282442748091,96,149,0.644295302013,36,164,200,330,68,17,148,173,557
1631105,Jalen,Duren,1610612765,185,148,4907.0,870,1340,0.649253731343,0,6,0.0,342,490,0.697959183673,626,1265,1891,371,117,168,324,553,2082
1631106,Tari,Eason,1610612745,142,11,3176.0,555,1204,0.460963455149,116,335,0.346268656716,187,254,0.73622047244,324,562,886,160,200,101,159,335,1413
1631107,Nikola,Jović,1610612748,107,56,2256.0,327,727,0.449793672627,151,408,0.370098039215,123,153,0.803921568627,60,343,403,231,70,29,112,183,928
1631108,Max,Christie,1610612742,164,39,2942.0,324,740,0.437837837837,149,389,0.383033419023,145,174,0.833333333333,53,331,384,182,74,50,104,182,942
1631109,Mark,Williams,1610612766,89,60,2017.0,420,686,0.612244897959,0,1,0.0,205,277,0.740072202166,256,495,751,102,61,96,88,215,1045
1631110,Jeremy,Sochan,1610612759,168,145,4619.0,765,1651,0.463355542095,122,419,0.291169451073,251,345,0.727536231884,322,715,1037,485,138,84,298,397,1903
1631111,Wendell,Moore,1610612766,78,3,520.0,60,135,0.444444444444,8,43,0.186046511627,19,22,0.863636363636,23,65,88,48,24,9,25,39,147
1631112,Kendall,Brown,1610612751,21,0,102.0,12,22,0.545454545454,0,3,0.0,6,10,0.6,5,6,11,8,4,0,4,18,30
1631114,Jalen,Williams,1610612760,202,189,6334.0,1401,2737,0.511874314943,275,727,0.378266850068,509,635,0.801574803149,171,755,926,860,278,120,373,502,3586
1631115,Orlando,Robinson,1610612761,92,10,1031.0,123,253,0.486166007905,12,40,0.3,64,86,0.744186046511,107,183,290,90,29,25,54,123,322
1631116,Patrick,Baldwin,0,91,7,819.0,119,297,0.400673400673,74,202,0.366336633663,25,38,0.657894736842,23,162,185,42,27,21,35,75,337
1631117,Walker,Kessler,1610612762,184,108,4596.0,754,1077,0.70009285051,7,28,0.25,207,378,0.547619047619,604,1056,1660,204,85,434,191,403,1722
1631119,Jaylin,Williams,1610612760,148,42,2299.0,252,603,0.417910447761,131,356,0.367977528089,81,105,0.771428571428,117,524,641,258,69,58,92,260,716
1631120,JD,Davison,1610612738,27,0,136.0,15,38,0.394736842105,6,18,0.333333333333,8,11,0.727272727272,4,18,22,23,5,3,12,10,44
1631121,Bryce,McGowens,1610612757,113,21,1689.0,185,439,0.421412300683,60,184,0.326086956521,131,171,0.766081871345,38,158,196,106,37,16,76,124,561
1631124,Julian,Strawther,1610612743,110,4,1882.0,286,690,0.414492753623,135,400,0.3375,88,111,0.792792792792,21,172,193,128,55,22,79,199,795
1631127,Harrison,Ingram,1610612759,2,0,10.0,0,2,0.0,0,1,0.0,0,0,0.0,0,2,2,0,0,0,0,1,0
1631128,Christian,Braun,1610612743,217,67,4787.0,710,1371,0.51787016776,153,412,0.3713592233,270,363,0.743801652892,202,590,792,321,148,83,145,368,1843
1631131,Oscar,Tshiebwe,1610612762,12,0,96.0,14,26,0.538461538461,0,0,0.0,14,18,0.777777777777,15,24,39,3,7,1,1,15,42
1631132,Christian,Koloko,1610612747,87,19,1047.0,100,193,0.518134715025,1,14,0.071428571428,44,67,0.65671641791,112,123,235,43,28,65,27,159,245
1631133,Jabari,Walker,1610612757,171,24,2804.0,387,849,0.455830388692,69,240,0.2875,193,261,0.739463601532,237,544,781,134,78,40,117,304,1036
1631157,Ryan,Rollins,1610612749,64,8,627.0,95,211,0.450236966824,30,82,0.365853658536,39,47,0.829787234042,21,68,89,71,39,17,57,71,259
1631159,Leonard,Miller,1610612750,25,0,74.0,16,32,0.5,2,10,0.2,9,10,0.9,8,22,30,8,3,2,3,7,43
1631165,Keon,Ellis,1610612758,129,32,2303.0,266,560,0.475,174,398,0.437185929648,80,101,0.79207920792,80,192,272,161,133,74,85,225,786
1631169,Josh,Minott,1610612750,81,0,412.0,67,143,0.468531468531,13,47,0.27659574468,31,35,0.885714285714,18,61,79,27,21,22,13,48,178
1631170,Jaime,Jaquez,1610612748,124,32,3205.0,500,1056,0.473484848484,93,296,0.314189189189,236,297,0.794612794612,144,366,510,322,129,29,183,237,1329
1631172,Ousmane,Dieng,1610612760,102,1,1266.0,167,402,0.415422885572,64,228,0.280701754385,40,55,0.727272727272,45,181,226,111,37,18,60,91,438
1631197,Jared,Rhoden,0,36,0,455.0,52,119,0.436974789915,17,53,0.320754716981,11,14,0.785714285714,16,58,74,20,8,14,11,52,132
1631199,Ron,Harper,1610612765,10,0,51.0,8,16,0.5,3,9,0.333333333333,1,1,1.0,3,4,7,5,0,1,0,5,20
1631200,Kris,Murray,1610612757,112,31,2037.0,231,551,0.419237749546,70,259,0.27027027027,54,96,0.5625,133,199,332,123,76,33,80,136,586
1631204,Marcus,Sasser,1610612765,116,11,1975.0,320,732,0.437158469945,132,356,0.370786516853,82,95,0.863157894736,25,153,178,337,72,16,130,161,854
1631207,Dalen,Terry,1610612741,150,3,1557.0,180,398,0.452261306532,45,162,0.277777777777,77,120,0.641666666666,70,158,228,167,65,35,76,182,482
1631209,Isaiah,Wong,0,21,0,269.0,42,108,0.388888888888,13,34,0.382352941176,25,34,0.735294117647,14,18,32,28,11,0,18,21,122
1631210,Jacob,Toppin,1610612752,25,0,86.0,8,19,0.421052631578,1,6,0.166666666666,2,2,1.0,5,13,18,7,2,1,3,6,19
1631212,Peyton,Watson,1610612743,151,18,2832.0,377,803,0.469489414694,83,260,0.31923076923,158,227,0.69603524229,103,357,460,169,85,158,109,237,995
1631213,Tyrese,Martin,1610612751,57,6,919.0,122,316,0.386075949367,62,188,0.329787234042,29,39,0.743589743589,49,116,165,68,24,5,54,46,335
1631214,Alondes,Williams,0,9,0,24.0,4,10,0.4,1,5,0.2,1,1,1.0,0,2,2,1,0,1,4,3,10
1631216,Caleb,Houstan,1610612753,149,22,2080.0,182,496,0.36693548387,148,422,0.350710900473,46,55,0.836363636363,75,146,221,75,35,14,39,162,558
1631217,Moussa,Diabaté,1610612766,82,8,1191.0,142,248,0.572580645161,1,4,0.25,67,115,0.582608695652,193,222,415,50,46,42,55,99,352
1631218,Trayce,Jackson-Davis,1610612744,118,53,2040.0,394,613,0.642740619902,0,2,0.0,126,218,0.577981651376,245,385,630,179,51,112,90,175,914
1631221,Collin,Gillespie,1610612756,35,0,293.0,46,94,0.489361702127,19,46,0.41304347826,14,19,0.736842105263,5,26,31,39,16,2,17,31,125
1631222,Jake,LaRavia,1610612758,124,6,2295.0,278,658,0.422492401215,119,328,0.362804878048,164,218,0.752293577981,145,265,410,220,90,38,140,221,839
1631223,David,Roddy,1610612755,165,20,2810.0,397,941,0.421891604675,131,430,0.30465116279,106,155,0.683870967741,116,367,483,172,70,38,135,198,1031
1631230,Dominick,Barlow,1610612737,79,3,967.0,124,245,0.506122448979,8,26,0.307692307692,51,75,0.68,99,144,243,64,26,40,26,115,307
1631232,Keion,Brooks,1610612740,2,0,9.0,1,2,0.5,0,1,0.0,2,4,0.5,1,2,3,1,0,0,0,1,4
1631243,Mouhamed,Gueye,1610612737,19,9,258.0,37,94,0.393617021276,9,43,0.209302325581,12,15,0.8,19,43,62,12,15,16,7,30,95
1631245,Quenton,Jackson,1610612754,30,7,398.0,58,119,0.487394957983,10,36,0.277777777777,34,45,0.755555555555,12,27,39,48,14,6,15,43,160
1631246,Vince,Williams,1610612763,77,34,1704.0,204,479,0.425887265135,90,265,0.339622641509,116,147,0.789115646258,75,268,343,199,59,38,111,166,614
1631247,Luke,Travers,1610612739,9,0,54.0,3,11,0.272727272727,0,4,0.0,2,2,1.0,5,7,12,5,1,1,5,4,8
1631248,Baylor,Scheierman,1610612738,15,0,89.0,4,24,0.166666666666,1,15,0.066666666666,3,4,0.75,3,17,20,7,3,0,1,6,12
1631250,Pete,Nance,1610612749,15,0,95.0,6,21,0.285714285714,5,13,0.384615384615,1,4,0.25,2,11,13,3,2,0,1,12,18
1631255,Karlo,Matković,1610612740,22,3,354.0,44,85,0.517647058823,10,28,0.357142857142,16,17,0.941176470588,31,58,89,17,10,22,22,48,114
1631260,AJ,Green,1610612749,142,7,2117.0,269,632,0.425632911392,225,539,0.417439703153,37,41,0.90243902439,28,199,227,119,43,10,47,193,800
1631288,Jamal,Cain,1610612740,67,1,780.0,99,215,0.460465116279,30,92,0.326086956521,48,65,0.738461538461,48,91,139,34,33,13,24,68,276
1631303,Justin,Minaya,1610612757,44,1,487.0,29,98,0.295918367346,15,61,0.245901639344,5,10,0.5,35,39,74,27,12,15,13,47,78
1631306,Cole,Swider,0,27,0,141.0,18,52,0.346153846153,13,43,0.302325581395,2,2,1.0,2,14,16,10,1,1,8,8,51
1631311,Lester,Quinones,0,45,0,429.0,62,154,0.402597402597,34,95,0.357894736842,25,36,0.694444444444,25,54,79,39,7,2,26,44,183
1631321,Sidy,Cissoko,1610612757,30,0,199.0,25,51,0.490196078431,4,19,0.210526315789,13,21,0.619047619047,11,21,32,16,8,3,6,25,67
1631323,Simone,Fontecchio,1610612765,171,49,3328.0,475,1140,0.416666666666,251,693,0.362193362193,149,182,0.818681318681,133,359,492,189,79,41,150,239,1350
1631342,Daeqwon,Plowden,1610612737,2,0,32.0,8,10,0.8,6,8,0.75,2,2,1.0,3,2,5,0,0,0,1,5,24
1631386,Tazé,Moore,0,6,0,60.0,10,29,0.344827586206,2,11,0.181818181818,2,4,0.5,8,8,16,6,4,0,5,4,24
1631466,Nate,Williams,1610612745,35,4,299.0,64,111,0.576576576576,8,23,0.347826086956,9,16,0.5625,23,20,43,21,10,6,13,27,145
1641705,Victor,Wembanyama,1610612759,117,117,3633.0,959,2043,0.469407733724,270,797,0.338770388958,450,556,0.809352517985,243,1018,1261,442,140,430,409,258,2638
1641706,Brandon,Miller,1610612766,101,95,3306.0,674,1574,0.428208386277,288,786,0.36641221374,211,252,0.837301587301,85,361,446,273,95,62,208,258,1847
1641707,Taylor,Hendricks,1610612762,43,26,930.0,112,258,0.434108527131,56,152,0.368421052631,26,33,0.787878787878,51,149,200,34,33,34,29,85,306
1641708,Amen,Thompson,1610612745,118,52,3187.0,545,998,0.546092184368,28,131,0.213740458015,259,371,0.698113207547,300,566,866,361,155,111,207,276,1377
1641709,Ausar,Thompson,1610612765,101,65,2394.0,384,755,0.508609271523,28,145,0.193103448275,120,203,0.591133004926,193,396,589,207,140,76,137,278,916
1641710,Anthony,Black,1610612753,126,42,2559.0,298,688,0.433139534883,77,230,0.334782608695,164,233,0.703862660944,68,228,296,276,95,52,159,235,837
1641711,Gradey,Dick,1610612761,113,70,2838.0,453,1088,0.416360294117,202,566,0.356890459363,177,206,0.85922330097,71,253,324,166,82,12,133,205,1285
1641712,Rayan,Rupert,1610612757,78,12,938.0,86,242,0.355371900826,38,115,0.330434782608,34,45,0.755555555555,45,93,138,80,20,5,50,80,244
1641713,GG,Jackson,1610612763,64,18,1492.0,290,680,0.426470588235,122,345,0.353623188405,136,183,0.743169398907,70,177,247,75,34,27,84,82,838
1641715,Cam,Whitmore,1610612745,85,2,1524.0,342,782,0.437340153452,125,368,0.339673913043,117,169,0.692307692307,70,227,297,67,55,26,83,103,926
1641716,Jarace,Walker,1610612754,87,1,1183.0,155,351,0.441595441595,67,177,0.378531073446,46,68,0.676470588235,30,195,225,114,61,31,74,115,423
1641717,Cason,Wallace,1610612760,133,47,3087.0,376,795,0.472955974842,149,390,0.382051282051,44,56,0.785714285714,107,256,363,244,165,63,84,248,945
1641718,Keyonte,George,1610612762,124,76,3563.0,582,1479,0.393509127789,275,813,0.338253382533,345,418,0.825358851674,35,359,394,625,70,16,325,174,1784
1641720,Jalen,Hood-Schifino,0,23,0,123.0,11,46,0.239130434782,2,15,0.133333333333,14,22,0.636363636363,3,11,14,9,3,3,10,16,38
1641721,Maxwell,Lewis,1610612751,45,0,142.0,7,30,0.233333333333,2,11,0.181818181818,2,3,0.666666666666,4,6,10,9,3,1,13,6,18
1641722,Jordan,Hawkins,1610612740,109,16,2133.0,330,875,0.377142857142,188,538,0.349442379182,130,155,0.838709677419,45,211,256,118,46,26,79,102,978
1641723,Kobe,Bufkin,1610612737,27,0,319.0,52,139,0.374100719424,13,59,0.22033898305,17,26,0.653846153846,11,43,54,44,10,7,18,29,134
1641724,Jett,Howard,1610612753,67,0,631.0,87,237,0.367088607594,55,176,0.3125,17,24,0.708333333333,20,48,68,45,12,11,28,55,246
1641725,Trey,Alexander,1610612743,18,0,79.0,7,24,0.291666666666,2,10,0.2,2,2,1.0,0,9,9,7,1,1,3,8,18
1641726,Dereck,Lively,1610612742,87,67,2062.0,345,473,0.729386892177,0,2,0.0,85,150,0.566666666666,234,395,629,144,53,131,89,238,775
1641727,Dariq,Whitehead,1610612751,11,0,80.0,13,30,0.433333333333,11,24,0.458333333333,2,5,0.4,1,9,10,4,3,2,6,2,39
1641729,Brice,Sensabaugh,1610612762,80,15,1439.0,248,580,0.427586206896,118,333,0.354354354354,79,87,0.908045977011,45,180,225,115,40,9,110,113,693
1641730,Noah,Clowney,1610612751,60,22,1222.0,162,392,0.413265306122,86,242,0.355371900826,72,90,0.8,61,165,226,48,27,35,53,112,482
1641731,Bilal,Coulibaly,1610612764,117,69,3517.0,431,1006,0.428429423459,122,392,0.311224489795,222,305,0.727868852459,133,390,523,301,127,85,203,269,1206
1641732,Colby,Jones,1610612764,54,0,321.0,39,97,0.40206185567,6,32,0.1875,6,11,0.545454545454,25,38,63,27,13,12,17,42,90
1641733,Nick,Smith,1610612766,90,20,1539.0,243,624,0.389423076923,121,325,0.372307692307,31,35,0.885714285714,26,121,147,137,25,13,85,103,638
1641734,Emoni,Bates,1610612739,22,0,160.0,17,63,0.269841269841,12,44,0.272727272727,1,4,0.25,1,13,14,14,2,2,8,7,47
1641736,Reece,Beekman,1610612751,26,0,263.0,20,62,0.322580645161,4,25,0.16,5,9,0.555555555555,5,14,19,33,16,2,15,16,49
1641737,Adem,Bona,1610612755,40,1,445.0,44,63,0.698412698412,0,0,0.0,31,48,0.645833333333,41,74,115,11,8,30,27,79,119
1641738,Kobe,Brown,1610612746,69,0,580.0,63,144,0.4375,18,67,0.268656716417,5,7,0.714285714285,35,75,110,41,16,8,16,65,149
1641739,Toumani,Camara,1610612757,128,107,3621.0,425,935,0.454545454545,146,409,0.356968215158,144,190,0.757894736842,273,414,687,210,152,70,170,353,1140
1641740,Jaylen,Clark,1610612750,19,4,300.0,33,74,0.445945945945,14,33,0.424242424242,14,18,0.777777777777,16,11,27,12,20,1,3,36,94
1641741,Ricky,Council,1610612755,82,4,997.0,158,364,0.434065934065,45,143,0.314685314685,120,153,0.78431372549,47,109,156,72,32,8,33,57,481
1641744,Zach,Edey,1610612763,45,38,927.0,168,290,0.579310344827,15,43,0.348837209302,58,84,0.690476190476,149,200,349,40,27,54,62,117,409
1641745,Adam,Flagler,1610612760,25,0,107.0,14,63,0.222222222222,9,51,0.176470588235,0,0,0.0,3,5,8,4,5,2,1,8,37
1641747,DaRon,Holmes,1610612743,-1,-1,-1.0,-1,-1,-1.0,-1,-1,-1.0,-1,-1,-1.0,-1,-1,-1,-1,-1,-1,-1,-1,-1
1641748,Andre,Jackson,1610612749,111,51,1461.0,132,275,0.48,44,116,0.379310344827,18,29,0.620689655172,101,176,277,125,46,19,79,197,326
1641752,Bobi,Klintman,1610612765,5,0,14.0,0,2,0.0,0,1,0.0,0,0,0.0,0,3,3,1,0,0,0,2,0
1641753,Chris,Livingston,1610612749,33,1,147.0,16,35,0.457142857142,1,9,0.111111111111,7,10,0.7,9,31,40,6,6,0,10,19,40
1641755,Kevin,McCullar,1610612752,-1,-1,-1.0,-1,-1,-1.0,-1,-1,-1.0,-1,-1,-1.0,-1,-1,-1,-1,-1,-1,-1,-1,-1
1641757,Jordan,Miller,1610612746,38,0,400.0,59,135,0.437037037037,9,38,0.236842105263,28,35,0.8,25,32,57,33,15,5,23,24,155
1641763,Julian,Phillips,1610612741,98,3,1090.0,121,279,0.433691756272,49,148,0.331081081081,55,76,0.723684210526,61,92,153,35,33,21,32,115,346
1641764,Brandin,Podziemski,1610612744,120,43,3148.0,446,1004,0.444223107569,152,427,0.355971896955,101,147,0.687074829931,163,485,648,436,111,25,138,191,1145
1641765,Olivier-Maxence,Prosper,1610612742,89,5,865.0,105,267,0.393258426966,23,92,0.25,70,107,0.654205607476,69,129,198,59,32,10,22,47,303
1641766,Adama,Sanogo,0,13,0,87.0,18,34,0.529411764705,0,0,0.0,8,12,0.666666666666,24,18,42,1,1,0,6,6,44
1641767,Ben,Sheppard,1610612754,101,9,1712.0,184,444,0.414414414414,102,302,0.33774834437,41,46,0.891304347826,45,162,207,106,61,14,30,176,511
1641772,Nae'Qwan,Tomlin,1610612739,3,0,14.0,4,8,0.5,0,2,0.0,2,3,0.666666666666,1,5,6,0,0,0,1,2,10
1641774,Tristan,Vukcevic,1610612764,28,4,318.0,66,138,0.478260869565,21,69,0.304347826086,34,45,0.755555555555,15,67,82,28,9,12,24,50,187
1641775,Jordan,Walsh,1610612738,49,2,390.0,27,75,0.36,13,49,0.265306122448,8,14,0.571428571428,21,43,64,17,14,9,12,32,75
1641779,Jalen,Bridges,1610612756,5,0,25.0,1,4,0.25,1,4,0.25,1,2,0.5,0,3,3,0,0,0,4,0,4
1641783,Tristan,da,1610612753,57,35,1359.0,167,396,0.421717171717,66,199,0.331658291457,46,54,0.851851851851,64,140,204,92,27,14,48,79,446
1641787,Tosan,Evbuomwan,1610612751,38,8,867.0,107,235,0.455319148936,28,87,0.321839080459,57,78,0.730769230769,43,102,145,49,22,12,40,62,299
1641789,Jazian,Gortman,0,16,0,57.0,9,23,0.391304,4,11,0.363636,2,4,0.5,1,4,5,6,2,1,5,9,24
1641790,PJ,Hall,1610612743,15,0,45.0,6,14,0.428571428571,0,5,0.0,3,4,0.75,4,12,16,3,0,2,2,6,15
1641794,Dillon,Jones,1610612760,36,0,324.0,29,87,0.333333333333,10,48,0.208333333333,11,20,0.55,23,50,73,37,7,3,14,36,79
1641796,Pelle,Larsson,1610612748,37,1,455.0,48,106,0.452830188679,18,53,0.339622641509,22,33,0.666666666666,14,39,53,31,15,4,13,62,136
1641798,Jaylen,Martin,1610612764,4,0,6.0,1,4,0.25,1,1,1.0,0,0,0.0,1,1,2,0,0,0,0,1,3
1641801,Emanuel,Miller,1610612741,-1,-1,-1.0,-1,-1,-1.0,-1,-1,-1.0,-1,-1,-1.0,-1,-1,-1,-1,-1,-1,-1,-1,-1
1641803,Tristen,Newton,1610612750,8,0,16.0,1,8,0.125,0,3,0.0,1,1,1.0,2,2,4,2,1,0,2,4,3
1641809,Drew,Peterson,1610612738,19,0,155.0,17,32,0.53125,12,25,0.48,6,7,0.857142857142,5,23,28,12,5,2,7,13,52
1641810,Antonio,Reeves,1610612740,28,0,285.0,45,108,0.416666666666,19,58,0.327586206896,8,9,0.888888888888,10,20,30,20,10,2,10,14,117
1641815,Isaiah,Stevens,1610612748,-1,-1,-1.0,-1,-1,-1.0,-1,-1,-1.0,-1,-1,-1.0,-1,-1,-1,-1,-1,-1,-1,-1,-1
1641816,Hunter,Tyson,1610612743,59,0,358.0,35,94,0.372340425531,19,63,0.301587301587,16,23,0.695652173913,15,54,69,16,6,5,15,47,105
1641817,Anton,Watson,1610612738,-1,-1,-1.0,-1,-1,-1.0,-1,-1,-1.0,-1,-1,-1.0,-1,-1,-1,-1,-1,-1,-1,-1,-1
1641824,Matas,Buzelis,1610612741,58,9,920.0,142,329,0.431610942249,54,159,0.339622641509,51,62,0.822580645161,35,134,169,41,15,48,41,86,389
1641842,Ronald,Holland,1610612765,60,1,939.0,140,314,0.445859872611,29,124,0.233870967741,62,78,0.794871794871,30,132,162,52,38,8,51,107,371
1641854,Craig,Porter,1610612739,88,6,990.0,163,313,0.520766773162,26,64,0.40625,51,69,0.739130434782,31,121,152,169,34,26,67,56,403
1641857,Liam,Robbins,0,13,0,56.0,2,8,0.25,0,2,0.0,5,10,0.5,7,5,12,2,2,2,6,9,9
1641871,Duop,Reath,1610612757,96,20,1364.0,254,558,0.455197132616,100,284,0.352112676056,77,103,0.747572815533,103,173,276,75,34,41,57,178,685
1641878,Damion,Baugh,1610612766,5,0,135.0,15,44,0.340909090909,6,22,0.272727272727,9,10,0.9,3,11,14,20,9,0,13,8,45
1641879,Yuri,Collins,0,2,0,16.0,1,3,0.333333333333,0,0,0.0,0,0,0.0,2,1,3,4,2,0,0,5,2
1641890,Tyler,Smith,1610612749,15,0,74.0,17,34,0.5,8,20,0.4,2,4,0.5,4,15,19,4,2,3,6,8,44
1641989,Elijah,Harkless,1610612762,10,0,138.0,11,35,0.314285714285,7,25,0.28,3,6,0.5,9,12,21,8,10,1,3,18,32
1641998,Trey,Jemison,1610612747,51,14,839.0,104,191,0.544502617801,0,0,0.0,31,52,0.596153846153,94,113,207,39,20,40,48,116,239
1642024,Alex,Reese,1610612755,1,0,2.0,1,1,1.0,0,0,0.0,0,0,0.0,1,0,1,0,0,0,0,0,2
1642050,Jackson,Rowe,1610612744,5,0,42.0,6,15,0.4,2,9,0.222222222222,2,4,0.5,0,8,8,3,3,0,1,4,16
1642258,Zaccharie,Risacher,1610612737,53,51,1280.0,224,525,0.426666666666,74,222,0.333333333333,82,115,0.71304347826,67,126,193,69,40,25,62,103,604
1642259,Alex,Sarr,1610612764,43,43,1155.0,189,480,0.39375,64,205,0.312195121951,59,95,0.621052631578,76,209,285,95,29,67,60,102,501
1642260,Nikola,Topić,1610612760,-1,-1,-1.0,-1,-1,-1.0,-1,-1,-1.0,-1,-1,-1.0,-1,-1,-1,-1,-1,-1,-1,-1,-1
1642261,Dalton,Knecht,1610612747,55,12,1085.0,174,383,0.454308093994,84,237,0.354430379746,50,63,0.79365079365,26,131,157,45,20,4,27,71,482
1642262,Cody,Williams,1610612762,34,12,695.0,51,160,0.31875,21,79,0.26582278481,21,29,0.724137931034,20,58,78,44,17,11,29,63,144
1642263,Reed,Sheppard,1610612745,42,0,478.0,52,168,0.309523809523,28,102,0.274509803921,11,12,0.916666666666,16,41,57,44,24,14,24,38,143
1642264,Stephon,Castle,1610612759,56,29,1405.0,254,617,0.411669367909,59,213,0.276995305164,140,192,0.729166666666,49,119,168,191,52,14,107,99,707
1642265,Rob,Dillingham,1610612750,36,1,467.0,86,193,0.445595854922,24,69,0.347826086956,8,13,0.615384615384,12,34,46,91,18,0,47,35,204
1642266,Ja'Kobe,Walter,1610612761,41,9,801.0,114,283,0.402826855123,39,129,0.302325581395,39,55,0.70909090909,38,76,114,53,28,7,34,75,306
1642267,Bub,Carrington,1610612764,58,39,1697.0,194,474,0.409282700421,92,267,0.344569288389,44,53,0.830188679245,23,208,231,227,42,10,90,135,524
1642268,Isaiah,Collier,1610612762,51,26,1230.0,145,356,0.407303370786,29,119,0.243697478991,43,70,0.614285714285,21,137,158,315,42,10,148,108,362
1642269,Devin,Carter,1610612758,18,0,167.0,22,66,0.333333333333,9,33,0.272727272727,15,20,0.75,7,34,41,21,5,3,8,14,68
1642270,Donovan,Clingan,1610612757,46,16,775.0,111,198,0.560606060606,7,23,0.304347826086,37,58,0.637931034482,127,189,316,37,21,72,55,122,266
1642271,Kyle,Filipowski,1610612762,49,11,911.0,131,254,0.515748031496,39,104,0.375,48,80,0.6,61,183,244,92,27,7,58,104,349
1642272,Jared,McCain,1610612755,23,8,591.0,126,274,0.459854014598,51,133,0.383458646616,49,56,0.875,13,43,56,60,15,0,37,37,352
1642273,Kyshawn,George,1610612764,52,22,1376.0,142,397,0.357682619647,84,268,0.31343283582,52,69,0.753623188405,40,169,209,119,48,37,74,157,420
1642274,Yves,Missi,1610612740,57,51,1537.0,204,378,0.539682539682,0,1,0.0,92,144,0.638888888888,203,265,468,75,29,81,68,122,500
1642275,Tidjane,Salaün,1610612766,43,8,831.0,71,233,0.304721030042,37,137,0.2700729927,41,57,0.719298245614,51,131,182,44,24,12,38,55,220
1642276,Kel'el,Ware,1610612748,43,17,864.0,155,287,0.540069686411,27,78,0.346153846153,34,46,0.739130434782,69,206,275,39,25,41,36,62,371
1642277,Johnny,Furphy,1610612754,37,0,250.0,21,57,0.368421052631,11,32,0.34375,9,9,1.0,17,23,40,10,10,8,9,26,62
1642278,Tyler,Kolek,1610612752,29,0,147.0,18,47,0.382978723404,11,28,0.392857142857,6,6,1.0,2,13,15,22,7,1,9,12,53
1642279,Ulrich,Chomche,1610612761,7,0,32.0,2,5,0.4,0,0,0.0,1,2,0.5,4,4,8,2,0,1,2,5,5
1642280,Trentyn,Flowers,1610612746,2,0,15.0,4,9,0.444444444444,0,2,0.0,1,1,1.0,1,3,4,0,0,0,1,3,9
1642281,Jaylon,Tyson,1610612739,38,2,360.0,46,99,0.464646464646,14,38,0.368421052631,14,18,0.777777777777,30,49,79,36,9,2,19,43,120
1642285,Cam,Spencer,1610612763,10,0,120.0,13,30,0.433333333333,5,16,0.3125,9,9,1.0,5,12,17,16,3,1,5,11,40
1642345,Oso,Ighodaro,1610612756,43,2,607.0,62,108,0.574074074074,0,2,0.0,19,36,0.527777777777,35,99,134,40,18,15,23,62,143
1642346,Ryan,Dunn,1610612756,54,28,954.0,132,305,0.432786885245,49,161,0.304347826086,11,25,0.44,51,119,170,43,21,29,24,117,324
1642347,Jamal,Shead,1610612761,54,1,941.0,124,293,0.423208191126,44,128,0.34375,26,35,0.742857142857,13,52,65,193,28,6,84,105,318
1642348,Justin,Edwards,1610612755,26,9,623.0,80,174,0.459770114942,38,103,0.368932038834,12,19,0.631578947368,25,55,80,37,22,7,22,57,210
1642349,Ajay,Mitchell,1610612760,34,1,561.0,84,166,0.506024096385,22,51,0.431372549019,28,33,0.848484848484,17,50,67,57,24,3,28,59,218
1642352,Keshad,Johnson,1610612748,10,0,56.0,7,12,0.583333333333,1,4,0.25,1,6,0.166666666666,2,15,17,3,1,4,3,5,16
1642353,Cam,Christie,1610612746,6,0,31.0,4,12,0.333333333333,2,8,0.25,1,2,0.5,1,5,6,2,2,0,2,2,11
1642354,KJ,Simpson,1610612766,23,4,470.0,59,176,0.335227272727,16,74,0.216216216216,30,37,0.81081081081,28,38,66,60,19,4,32,35,164
1642355,Bronny,James,1610612747,17,0,71.0,7,28,0.25,3,13,0.230769230769,6,9,0.666666666666,1,6,7,8,4,2,5,6,23
1642358,AJ,Johnson,1610612764,10,0,69.0,11,27,0.407407407407,4,10,0.4,1,2,0.5,0,9,9,12,1,0,5,5,27
1642359,Pacôme,Dadiet,1610612752,14,0,95.0,9,27,0.333333333333,6,17,0.35294117647,2,3,0.666666666666,0,14,14,5,3,2,2,5,26
1642366,Quinten,Post,1610612744,21,7,311.0,63,129,0.488372093023,33,80,0.4125,14,15,0.933333333333,21,54,75,33,7,5,14,37,173
1642367,Jonathan,Mogbo,1610612761,47,11,850.0,99,218,0.454128440366,14,46,0.304347826086,44,62,0.709677419354,75,119,194,79,36,24,43,98,256
1642368,N'Faly,Dante,1610612745,-1,-1,-1.0,-1,-1,-1.0,-1,-1,-1.0,-1,-1,-1.0,-1,-1,-1,-1,-1,-1,-1,-1,-1
1642377,Jaylen,Wells,1610612763,59,54,1521.0,235,522,0.450191570881,111,291,0.381443298969,84,102,0.823529411764,63,126,189,95,33,6,55,109,665
1642379,Taran,Armstrong,1610612744,-1,-1,-1.0,-1,-1,-1.0,-1,-1,-1.0,-1,-1,-1.0,-1,-1,-1,-1,-1,-1,-1,-1,-1
1642382,Branden,Carlson,1610612760,19,0,107.0,19,39,0.487179487179,14,31,0.451612903225,2,2,1.0,5,21,26,6,2,6,3,12,54
1642384,Isaiah,Crawford,1610612758,6,0,24.0,3,6,0.5,0,2,0.0,1,2,0.5,0,7,7,0,1,1,0,1,7
1642385,Cui,Yongxi,0,5,0,10.0,1,7,0.142857,0,3,0.0,1,2,0.5,0,2,2,0,0,0,0,0,3
1642389,Zyon,Pullin,1610612763,3,0,2.0,0,1,0.0,0,0,0.0,0,0,0.0,0,0,0,0,0,0,0,0,0
1642399,Jesse,Edwards,1610612750,-1,-1,-1.0,-1,-1,-1.0,-1,-1,-1.0,-1,-1,-1.0,-1,-1,-1,-1,-1,-1,-1,-1,-1
1642402,Enrique,Freeman,1610612754,19,1,139.0,12,25,0.48,1,6,0.166666666666,7,13,0.538461538461,6,13,19,8,2,2,5,18,32
1642403,Isaac,Jones,1610612758,25,0,218.0,38,58,0.655172413793,1,4,0.25,14,26,0.538461538461,14,24,38,8,3,8,12,26,91
1642419,Jamison,Battle,1610612761,39,0,491.0,75,163,0.460122699386,52,123,0.422764227642,12,14,0.857142857142,21,50,71,33,5,5,12,44,214
1642422,Armel,Traoré,0,9,0,66.0,6,19,0.315789473684,0,7,0.0,2,7,0.285714285714,2,13,15,1,4,2,3,6,14
1642434,Riley,Minix,1610612759,1,0,6.0,0,1,0.0,0,1,0.0,0,0,0.0,0,2,2,0,0,0,0,0,0
1642439,Quincy,Olivari,0,2,0,10.0,1,5,0.2,1,5,0.2,0,0,0.0,0,0,0,1,0,0,1,0,3
1642443,Jahmir,Young,1610612741,-1,-1,-1.0,-1,-1,-1.0,-1,-1,-1.0,-1,-1,-1.0,-1,-1,-1,-1,-1,-1,-1,-1,-1
1642449,Tolu,Smith,1610612765,-1,-1,-1.0,-1,-1,-1.0,-1,-1,-1.0,-1,-1,-1.0,-1,-1,-1,-1,-1,-1,-1,-1,-1
1642450,Daniss,Jenkins,1610612765,5,0,9.0,0,4,0.0,0,4,0.0,0,0,0.0,0,0,0,0,0,0,1,2,0
1642461,Spencer,Jones,1610612743,12,0,33.0,2,9,0.222222222222,1,6,0.166666666666,0,0,0.0,2,4,6,0,3,0,2,5,5
1642484,RayJ,Dennis,1610612754,7,0,15.0,1,5,0.2,1,4,0.25,2,2,1.0,1,3,4,2,2,0,3,3,5
1642502,Malevy,Leons,0,6,0,21.0,0,2,0.0,0,1,0.0,2,4,0.5,1,2,3,1,0,0,1,4,2
1642505,Alex,Ducas,1610612760,16,0,73.0,8,22,0.363636363636,7,16,0.4375,0,0,0.0,5,10,15,2,2,0,2,5,23
1642530,Yuki,Kawamura,1610612763,20,0,63.0,8,22,0.363636363636,4,16,0.25,4,6,0.666666666666,0,7,7,14,1,0,4,7,24
